Timestamp,"Master Meter Flow Rate, GPM",Is_Over_Zero,Is_Event
5/1/2024 0:00,45.39111111,FALSE,FALSE
5/1/2024 0:30,44.05777778,FALSE,FALSE
5/1/2024 1:00,42.05777778,FALSE,FALSE
5/1/2024 1:30,41,FALSE,FALSE
5/1/2024 2:00,41.69003895,FALSE,FALSE
5/1/2024 2:30,42.55333333,FALSE,FALSE
5/1/2024 3:00,43.39,FALSE,FALSE
5/1/2024 3:30,42.02833333,FALSE,FALSE
5/1/2024 4:00,41.97166667,FALSE,FALSE
5/1/2024 4:30,40.41833333,FALSE,FALSE
5/1/2024 5:00,40,FALSE,FALSE
5/1/2024 5:30,41.61,FALSE,FALSE
5/1/2024 6:00,42.915,FALSE,FALSE
5/1/2024 6:30,45.35628826,FALSE,FALSE
5/1/2024 7:00,53.3345463,FALSE,FALSE
5/1/2024 7:30,57.05819885,FALSE,FALSE
5/1/2024 8:00,55.94444444,FALSE,FALSE
5/1/2024 8:30,56.05555556,FALSE,FALSE
5/1/2024 9:00,50.58333333,FALSE,FALSE
5/1/2024 9:30,50.5,FALSE,FALSE
5/1/2024 10:00,55.25,FALSE,FALSE
5/1/2024 10:30,52.69444444,FALSE,FALSE
5/1/2024 11:00,53.02777778,FALSE,FALSE
5/1/2024 11:30,50.41666667,TRUE,FALSE
5/1/2024 12:00,54.64338805,TRUE,FALSE
5/1/2024 12:30,51.585,TRUE,FALSE
5/1/2024 13:00,53.38777778,TRUE,FALSE
5/1/2024 13:30,55.94555556,TRUE,FALSE
5/1/2024 14:00,54.61222222,TRUE,FALSE
5/1/2024 14:30,54.33333333,TRUE,FALSE
5/1/2024 15:00,51.21777778,TRUE,FALSE
5/1/2024 15:30,53.14277778,TRUE,FALSE
5/1/2024 16:00,55.33333333,TRUE,FALSE
5/1/2024 16:30,54.36055556,TRUE,FALSE
5/1/2024 17:00,52.72338342,TRUE,FALSE
5/1/2024 17:30,54.72,TRUE,FALSE
5/1/2024 18:00,53.92,TRUE,FALSE
5/1/2024 18:30,52.16,FALSE,FALSE
5/1/2024 19:00,53.2,FALSE,FALSE
5/1/2024 19:30,56.30666667,FALSE,FALSE
5/1/2024 20:00,55.66666667,FALSE,FALSE
5/1/2024 20:30,55.97333333,FALSE,FALSE
5/1/2024 21:00,56.72,FALSE,FALSE
5/1/2024 21:30,57.61333333,FALSE,FALSE
5/1/2024 22:00,59.59616861,FALSE,FALSE
5/1/2024 22:30,57.12844073,FALSE,FALSE
5/1/2024 23:00,52.38555556,FALSE,FALSE
5/1/2024 23:30,51.38555556,FALSE,FALSE
5/2/2024 0:00,47.76789366,TRUE,FALSE
5/2/2024 0:30,46.69277778,TRUE,FALSE
5/2/2024 1:00,43.43777778,TRUE,FALSE
5/2/2024 1:30,42,TRUE,FALSE
5/2/2024 2:00,43.255,TRUE,FALSE
5/2/2024 2:30,43.71888889,TRUE,FALSE
5/2/2024 3:00,42.69059544,TRUE,FALSE
5/2/2024 3:30,41.38444444,TRUE,FALSE
5/2/2024 4:00,41.66666667,TRUE,FALSE
5/2/2024 4:30,41.64111111,TRUE,FALSE
5/2/2024 5:00,42.66666667,TRUE,FALSE
5/2/2024 5:30,42.33333333,TRUE,FALSE
5/2/2024 6:00,45.87222222,TRUE,FALSE
5/2/2024 6:30,49.18,TRUE,FALSE
5/2/2024 7:00,56.59,TRUE,FALSE
5/2/2024 7:30,61.46222222,TRUE,FALSE
5/2/2024 8:00,57.28394175,TRUE,FALSE
5/2/2024 8:30,55.61666667,TRUE,FALSE
5/2/2024 9:00,57.33333333,TRUE,FALSE
5/2/2024 9:30,51.74166667,TRUE,FALSE
5/2/2024 10:00,56.925,TRUE,FALSE
5/2/2024 10:30,54.35833333,TRUE,FALSE
5/2/2024 11:00,54.40833333,TRUE,FALSE
5/2/2024 11:30,52.61666667,TRUE,FALSE
5/2/2024 12:00,59.20833333,TRUE,FALSE
5/2/2024 12:30,56.1,TRUE,FALSE
5/2/2024 13:00,53.72116027,TRUE,FALSE
5/2/2024 13:30,53.99900559,TRUE,FALSE
5/2/2024 14:00,53.33553701,TRUE,FALSE
5/2/2024 14:30,55.64222222,TRUE,FALSE
5/2/2024 15:00,55.61777778,TRUE,FALSE
5/2/2024 15:30,57.26,TRUE,FALSE
5/2/2024 16:00,58.45555556,TRUE,FALSE
5/2/2024 16:30,55.64222222,TRUE,FALSE
5/2/2024 17:00,55.59333333,TRUE,FALSE
5/2/2024 17:30,58.05440735,TRUE,FALSE
5/2/2024 18:00,57.431202,TRUE,FALSE
5/2/2024 18:30,58.92833333,TRUE,FALSE
5/2/2024 19:00,57.42888889,TRUE,FALSE
5/2/2024 19:30,53.85666667,TRUE,FALSE
5/2/2024 20:00,56.73833333,TRUE,FALSE
5/2/2024 20:30,56.69055556,TRUE,FALSE
5/2/2024 21:00,56.66666667,TRUE,FALSE
5/2/2024 21:30,56.02388889,TRUE,FALSE
5/2/2024 22:00,57.90444444,FALSE,FALSE
5/2/2024 22:30,57.33333333,FALSE,FALSE
5/2/2024 23:00,55.76671675,FALSE,FALSE
5/2/2024 23:30,49.45,FALSE,FALSE
5/3/2024 0:00,47.42666667,FALSE,FALSE
5/3/2024 0:30,44.37952685,FALSE,FALSE
5/3/2024 1:00,44.64333333,FALSE,FALSE
5/3/2024 1:30,44.97666667,FALSE,FALSE
5/3/2024 2:00,44.66666667,FALSE,FALSE
5/3/2024 2:30,45.71333333,FALSE,FALSE
5/3/2024 3:00,44.62,FALSE,FALSE
5/3/2024 3:30,44.02333333,FALSE,FALSE
5/3/2024 4:00,42.73615099,FALSE,FALSE
5/3/2024 4:30,43.95444444,FALSE,FALSE
5/3/2024 5:00,42.40166667,FALSE,FALSE
5/3/2024 5:30,42.97722222,FALSE,FALSE
5/3/2024 6:00,45.90888889,FALSE,FALSE
5/3/2024 6:30,51.795,FALSE,FALSE
5/3/2024 7:00,55.62111111,FALSE,FALSE
5/3/2024 7:30,59.59833333,FALSE,FALSE
5/3/2024 8:00,57.42444444,FALSE,FALSE
5/3/2024 8:30,57.02277778,FALSE,FALSE
5/3/2024 9:00,55.7211649,FALSE,FALSE
5/3/2024 9:30,56.95555556,FALSE,FALSE
5/3/2024 10:00,55.66666667,FALSE,FALSE
5/3/2024 10:30,56.08888889,FALSE,FALSE
5/3/2024 11:00,59.84444444,FALSE,FALSE
5/3/2024 11:30,63.31111111,FALSE,FALSE
5/3/2024 12:00,58.11111111,FALSE,FALSE
5/3/2024 12:30,57.95555556,FALSE,FALSE
5/3/2024 13:00,58.31111111,FALSE,FALSE
5/3/2024 13:30,54.15555556,FALSE,FALSE
5/3/2024 14:00,54.63282972,FALSE,FALSE
5/3/2024 14:30,56.97833333,FALSE,FALSE
5/3/2024 15:00,53.13,FALSE,FALSE
5/3/2024 15:30,51.58,FALSE,FALSE
5/3/2024 16:00,50.10833333,FALSE,FALSE
5/3/2024 16:30,51.91333333,FALSE,FALSE
5/3/2024 17:00,54.29,FALSE,FALSE
5/3/2024 17:30,57.26833333,FALSE,FALSE
5/3/2024 18:00,60.805,FALSE,FALSE
5/3/2024 18:30,55.88333333,FALSE,FALSE
5/3/2024 19:00,57.59227416,FALSE,FALSE
5/3/2024 19:30,58.77222222,FALSE,FALSE
5/3/2024 20:00,54.06333333,FALSE,FALSE
5/3/2024 20:30,54.66666667,FALSE,FALSE
5/3/2024 21:00,53.35444444,FALSE,FALSE
5/3/2024 21:30,50.12666667,FALSE,FALSE
5/3/2024 22:00,49.89444444,FALSE,FALSE
5/3/2024 22:30,52.70888889,FALSE,FALSE
5/3/2024 23:00,51.97888889,TRUE,FALSE
5/3/2024 23:30,50,FALSE,FALSE
5/4/2024 0:00,51.06949267,FALSE,FALSE
5/4/2024 0:30,48.37444444,FALSE,FALSE
5/4/2024 1:00,45.41555556,FALSE,FALSE
5/4/2024 1:30,42.97944444,FALSE,FALSE
5/4/2024 2:00,42.04111111,FALSE,FALSE
5/4/2024 2:30,42.33333333,FALSE,FALSE
5/4/2024 3:00,41.68722222,FALSE,FALSE
5/4/2024 3:30,41.66666667,FALSE,FALSE
5/4/2024 4:00,41,FALSE,FALSE
5/4/2024 4:30,42.00085884,FALSE,FALSE
5/4/2024 5:00,41.668069,FALSE,FALSE
5/4/2024 5:30,41.31143649,FALSE,FALSE
5/4/2024 6:00,42.66674444,FALSE,FALSE
5/4/2024 6:30,43.9825311,TRUE,FALSE
5/4/2024 7:00,44.64666667,TRUE,FALSE
5/4/2024 7:30,45.64666667,TRUE,FALSE
5/4/2024 8:00,48.27333333,TRUE,FALSE
5/4/2024 8:30,52.52666667,TRUE,FALSE
5/4/2024 9:00,54.72666667,TRUE,FALSE
5/4/2024 9:30,58.56666667,TRUE,FALSE
5/4/2024 10:00,55.07060842,TRUE,FALSE
5/4/2024 10:30,57.94166667,TRUE,FALSE
5/4/2024 11:00,56.03888889,TRUE,FALSE
5/4/2024 11:30,57.35277778,TRUE,FALSE
5/4/2024 12:00,54.725,TRUE,FALSE
5/4/2024 12:30,55.88333333,TRUE,FALSE
5/4/2024 13:00,54.76388889,TRUE,FALSE
5/4/2024 13:30,54.41111111,FALSE,FALSE
5/4/2024 14:00,52.96111111,FALSE,FALSE
5/4/2024 14:30,52.03944368,FALSE,FALSE
5/4/2024 15:00,53.580699,FALSE,FALSE
5/4/2024 15:30,56.31444444,FALSE,FALSE
5/4/2024 16:00,56.68555556,FALSE,FALSE
5/4/2024 16:30,53.03777778,FALSE,FALSE
5/4/2024 17:00,51.68555556,FALSE,FALSE
5/4/2024 17:30,53.29555556,FALSE,FALSE
5/4/2024 18:00,58.29555556,FALSE,FALSE
5/4/2024 18:30,53.44666667,FALSE,FALSE
5/4/2024 19:00,54.88666667,FALSE,FALSE
5/4/2024 19:30,56.44666667,FALSE,FALSE
5/4/2024 20:00,51.36115748,FALSE,FALSE
5/4/2024 20:30,52.61166667,FALSE,FALSE
5/4/2024 21:00,51,TRUE,FALSE
5/4/2024 21:30,49.70333333,TRUE,FALSE
5/4/2024 22:00,52.64833333,TRUE,FALSE
5/4/2024 22:30,50.33333333,TRUE,FALSE
5/4/2024 23:00,49.055,TRUE,FALSE
5/4/2024 23:30,49.63,TRUE,FALSE
5/5/2024 0:00,45.44333333,TRUE,FALSE
5/5/2024 0:30,43.43004081,TRUE,FALSE
5/5/2024 1:00,43,TRUE,FALSE
5/5/2024 1:30,41.66666667,TRUE,FALSE
5/5/2024 2:00,44.26222222,TRUE,FALSE
5/5/2024 2:30,43.72,TRUE,FALSE
5/5/2024 3:00,43,TRUE,FALSE
5/5/2024 3:30,42.66666667,FALSE,FALSE
5/5/2024 4:00,43.01777778,FALSE,FALSE
5/5/2024 4:30,44.61333333,FALSE,FALSE
5/5/2024 5:00,44.01777778,FALSE,FALSE
5/5/2024 5:30,44.33985902,FALSE,FALSE
5/5/2024 6:00,44.03573827,FALSE,FALSE
5/5/2024 6:30,46.91388889,FALSE,FALSE
5/5/2024 7:00,45.385,FALSE,FALSE
5/5/2024 7:30,47.56333333,FALSE,FALSE
5/5/2024 8:00,47.73555556,FALSE,FALSE
5/5/2024 8:30,49.26444444,FALSE,FALSE
5/5/2024 9:00,50.68388889,FALSE,FALSE
5/5/2024 9:30,53.23,FALSE,FALSE
5/5/2024 10:00,54.98277778,FALSE,FALSE
5/5/2024 10:30,55.7028325,FALSE,FALSE
5/5/2024 11:00,53.73333333,FALSE,FALSE
5/5/2024 11:30,55.9,FALSE,FALSE
5/5/2024 12:00,59.6,FALSE,FALSE
5/5/2024 12:30,61.05,FALSE,FALSE
5/5/2024 13:00,61,FALSE,FALSE
5/5/2024 13:30,62.58333333,FALSE,FALSE
5/5/2024 14:00,56.48333333,TRUE,FALSE
5/5/2024 14:30,54.66666667,TRUE,FALSE
5/5/2024 15:00,57.93333333,TRUE,FALSE
5/5/2024 15:30,56.72005472,TRUE,FALSE
5/5/2024 16:00,55.04833333,TRUE,FALSE
5/5/2024 16:30,52.38166667,TRUE,FALSE
5/5/2024 17:00,56.60222222,TRUE,FALSE
5/5/2024 17:30,62.22055556,TRUE,FALSE
5/5/2024 18:00,63.03222222,TRUE,FALSE
5/5/2024 18:30,60.09666667,TRUE,FALSE
5/5/2024 19:00,57.68277778,TRUE,FALSE
5/5/2024 19:30,52.06444444,TRUE,FALSE
5/5/2024 20:00,53.33333333,TRUE,FALSE
5/5/2024 20:30,54.31560657,TRUE,FALSE
5/5/2024 21:00,56.95333333,TRUE,FALSE
5/5/2024 21:30,59.66666667,TRUE,FALSE
5/5/2024 22:00,58.36444444,TRUE,FALSE
5/5/2024 22:30,53.66666667,TRUE,FALSE
5/5/2024 23:00,54.71333333,TRUE,FALSE
5/5/2024 23:30,52.34888889,TRUE,FALSE
5/6/2024 0:00,50.71333333,TRUE,FALSE
5/6/2024 0:30,47.36444444,TRUE,FALSE
5/6/2024 1:00,44.36444444,TRUE,FALSE
5/6/2024 1:30,43.70615192,TRUE,FALSE
5/6/2024 2:00,43.33333333,TRUE,FALSE
5/6/2024 2:30,41.69666667,TRUE,FALSE
5/6/2024 3:00,42.65166667,TRUE,FALSE
5/6/2024 3:30,42,TRUE,FALSE
5/6/2024 4:00,42,TRUE,FALSE
5/6/2024 4:30,41.68166667,TRUE,FALSE
5/6/2024 5:00,42,TRUE,FALSE
5/6/2024 5:30,42.94,TRUE,FALSE
5/6/2024 6:00,43.66666667,TRUE,FALSE
5/6/2024 6:30,45.6767084,TRUE,FALSE
5/6/2024 7:00,54.81222222,TRUE,FALSE
5/6/2024 7:30,61.94222222,TRUE,FALSE
5/6/2024 8:00,59.07222222,TRUE,FALSE
5/6/2024 8:30,56.68111111,TRUE,FALSE
5/6/2024 9:00,52.14444444,TRUE,FALSE
5/6/2024 9:30,48.26111111,TRUE,FALSE
5/6/2024 10:00,49.05777778,FALSE,FALSE
5/6/2024 10:30,50.01444444,TRUE,FALSE
5/6/2024 11:00,48.33333333,TRUE,FALSE
5/6/2024 11:30,45.40004174,TRUE,FALSE
5/6/2024 12:00,47.61111111,TRUE,FALSE
5/6/2024 12:30,45.48611111,TRUE,FALSE
5/6/2024 13:00,39.97222222,TRUE,FALSE
5/6/2024 13:30,40.34722222,TRUE,FALSE
5/6/2024 14:00,37.33333333,TRUE,FALSE
5/6/2024 14:30,38.01388889,TRUE,FALSE
5/6/2024 15:00,36.04166667,TRUE,FALSE
5/6/2024 15:30,34.97222222,TRUE,FALSE
5/6/2024 16:00,40.47222222,TRUE,FALSE
5/6/2024 16:30,43.09337136,TRUE,FALSE
5/6/2024 17:00,43,TRUE,FALSE
5/6/2024 17:30,43.37333333,TRUE,FALSE
5/6/2024 18:00,46.25333333,TRUE,FALSE
5/6/2024 18:30,41.73333333,TRUE,FALSE
5/6/2024 19:00,42.02666667,TRUE,FALSE
5/6/2024 19:30,40.05333333,TRUE,FALSE
5/6/2024 20:00,39.33333333,TRUE,FALSE
5/6/2024 20:30,38.26666667,TRUE,FALSE
5/6/2024 21:00,42.02666667,TRUE,FALSE
5/6/2024 21:30,41.94559265,TRUE,FALSE
5/6/2024 22:00,41.73055556,TRUE,FALSE
5/6/2024 22:30,37.37166667,TRUE,FALSE
5/6/2024 23:00,41.64111111,TRUE,FALSE
5/6/2024 23:30,33.10222222,TRUE,FALSE
5/7/2024 0:00,34.30777778,TRUE,FALSE
5/7/2024 0:30,34.33333333,TRUE,FALSE
5/7/2024 1:00,31.71777778,TRUE,FALSE
5/7/2024 1:30,31.30777778,TRUE,FALSE
5/7/2024 2:00,31.01277778,TRUE,FALSE
5/7/2024 2:30,29.36280467,TRUE,FALSE
5/7/2024 3:00,29.98777778,TRUE,FALSE
5/7/2024 3:30,29.01222222,TRUE,FALSE
5/7/2024 4:00,28.02444444,TRUE,FALSE
5/7/2024 4:30,28.64222222,TRUE,FALSE
5/7/2024 5:00,29.01222222,TRUE,FALSE
5/7/2024 5:30,28.98777778,TRUE,FALSE
5/7/2024 6:00,29.66666667,TRUE,TRUE
5/7/2024 6:30,34.59333333,TRUE,TRUE
5/7/2024 7:00,42.55666667,TRUE,TRUE
5/7/2024 7:30,46.00226489,TRUE,TRUE
5/7/2024 8:00,46.66666667,TRUE,TRUE
5/7/2024 8:30,43.71333333,TRUE,TRUE
5/7/2024 9:00,42,TRUE,TRUE
5/7/2024 9:30,38.725,TRUE,TRUE
5/7/2024 10:00,41.94166667,TRUE,TRUE
5/7/2024 10:30,42.35666667,TRUE,TRUE
5/7/2024 11:00,39.97666667,TRUE,TRUE
5/7/2024 11:30,39.345,TRUE,TRUE
5/7/2024 12:00,44.585,TRUE,TRUE
5/7/2024 12:30,46.35948525,TRUE,TRUE
5/7/2024 13:00,46.02222222,TRUE,TRUE
5/7/2024 13:30,40.44444444,TRUE,TRUE
5/7/2024 14:00,42.92222222,TRUE,TRUE
5/7/2024 14:30,42.71111111,TRUE,TRUE
5/7/2024 15:00,39.33333333,TRUE,TRUE
5/7/2024 15:30,42.64444444,TRUE,TRUE
5/7/2024 16:00,42.33333333,TRUE,TRUE
5/7/2024 16:30,44.2541238,TRUE,TRUE
5/7/2024 17:00,46.07777778,TRUE,TRUE
5/7/2024 17:30,40.37614728,TRUE,TRUE
5/7/2024 18:00,39.69833333,TRUE,TRUE
5/7/2024 18:30,38.30166667,TRUE,TRUE
5/7/2024 19:00,39.35444444,TRUE,TRUE
5/7/2024 19:30,43.64555556,TRUE,TRUE
5/7/2024 20:00,46.87333333,TRUE,TRUE
5/7/2024 20:30,40.43888889,TRUE,TRUE
5/7/2024 21:00,42.30166667,TRUE,TRUE
5/7/2024 21:30,43.365,TRUE,TRUE
5/7/2024 22:00,36.70888889,TRUE,TRUE
5/7/2024 22:30,40.71615006,TRUE,TRUE
5/7/2024 23:00,37.33333333,TRUE,TRUE
5/7/2024 23:30,36.01,TRUE,TRUE
5/8/2024 0:00,33.69562037,TRUE,TRUE
5/8/2024 0:30,29.69666667,TRUE,TRUE
5/8/2024 1:00,27.67666667,TRUE,TRUE
5/8/2024 1:30,26.01,TRUE,TRUE
5/8/2024 2:00,26.99,TRUE,TRUE
5/8/2024 2:30,26.33333333,TRUE,TRUE
5/8/2024 3:00,27.65666667,TRUE,TRUE
5/8/2024 3:30,27.02502504,TRUE,TRUE
5/8/2024 4:00,26.66666667,TRUE,TRUE
5/8/2024 4:30,26.00944444,TRUE,TRUE
5/8/2024 5:00,27.98111111,TRUE,TRUE
5/8/2024 5:30,27.99055556,TRUE,TRUE
5/8/2024 6:00,30.65722222,TRUE,TRUE
5/8/2024 6:30,33.93388889,TRUE,TRUE
5/8/2024 7:00,42.63833333,TRUE,TRUE
5/8/2024 7:30,48.22,TRUE,TRUE
5/8/2024 8:00,48.70444444,TRUE,TRUE
5/8/2024 8:30,43.41948433,TRUE,TRUE
5/8/2024 9:00,41.64888889,TRUE,TRUE
5/8/2024 9:30,40.34222222,TRUE,TRUE
5/8/2024 10:00,40.65777778,TRUE,TRUE
5/8/2024 10:30,38.71111111,TRUE,TRUE
5/8/2024 11:00,38.64,TRUE,TRUE
5/8/2024 11:30,41.96444444,TRUE,TRUE
5/8/2024 12:00,47.94666667,TRUE,TRUE
5/8/2024 12:30,45.37777778,TRUE,TRUE
5/8/2024 13:00,38.08504916,TRUE,TRUE
5/8/2024 13:30,39.66720924,TRUE,TRUE
5/8/2024 14:00,36.70833333,TRUE,TRUE
5/8/2024 14:30,34.31666667,TRUE,TRUE
5/8/2024 15:00,38.30833333,TRUE,TRUE
5/8/2024 15:30,39.31666667,TRUE,TRUE
5/8/2024 16:00,44.60833333,TRUE,TRUE
5/8/2024 16:30,44.35,TRUE,TRUE
5/8/2024 17:00,47.325,TRUE,TRUE
5/8/2024 17:30,48.975,TRUE,TRUE
5/8/2024 18:00,41.38333333,TRUE,TRUE
5/8/2024 18:30,40.71959364,TRUE,TRUE
5/8/2024 19:00,40.35718605,TRUE,TRUE
5/8/2024 19:30,40.98444444,TRUE,TRUE
5/8/2024 20:00,38.33333333,TRUE,TRUE
5/8/2024 20:30,38.68222222,TRUE,TRUE
5/8/2024 21:00,38.31,TRUE,TRUE
5/8/2024 21:30,44.28666667,TRUE,TRUE
5/8/2024 22:00,43.03888889,TRUE,TRUE
5/8/2024 22:30,37.69,TRUE,TRUE
5/8/2024 23:00,36.71517715,TRUE,TRUE
5/8/2024 23:30,35.64540994,TRUE,TRUE
5/9/2024 0:00,33.70277778,TRUE,TRUE
5/9/2024 0:30,30.33333333,TRUE,TRUE
5/9/2024 1:00,29.67388889,TRUE,TRUE
5/9/2024 1:30,29.69555556,FALSE,FALSE
5/9/2024 2:00,27.66666667,FALSE,FALSE
5/9/2024 2:30,27.66666667,FALSE,FALSE
5/9/2024 3:00,28.31888889,FALSE,FALSE
5/9/2024 3:30,27.68111111,FALSE,FALSE
5/9/2024 4:00,28.33502597,FALSE,FALSE
5/9/2024 4:30,28.33333333,FALSE,FALSE
5/9/2024 5:00,29.98666667,FALSE,FALSE
5/9/2024 5:30,30,FALSE,FALSE
5/9/2024 6:00,29.67333333,FALSE,FALSE
5/9/2024 6:30,32.63333333,FALSE,FALSE
5/9/2024 7:00,40.60666667,FALSE,FALSE
5/9/2024 7:30,46.67333333,FALSE,FALSE
5/9/2024 8:00,42.98666667,FALSE,FALSE
5/9/2024 8:30,42.36666667,FALSE,FALSE
5/9/2024 9:00,42.96666667,FALSE,FALSE
5/9/2024 9:30,43.37004081,FALSE,FALSE
5/9/2024 10:00,40.67888889,FALSE,FALSE
5/9/2024 10:30,41.32111111,FALSE,FALSE
5/9/2024 11:00,42.01833333,FALSE,FALSE
5/9/2024 11:30,43.97555556,FALSE,FALSE
5/9/2024 12:00,47.98166667,FALSE,FALSE
5/9/2024 12:30,44.685,FALSE,FALSE
5/9/2024 13:00,38.38222222,FALSE,FALSE
5/9/2024 13:30,37,FALSE,FALSE
5/9/2024 14:00,38.67114357,FALSE,FALSE
5/9/2024 14:30,37.34729351,FALSE,FALSE
5/9/2024 15:00,38.65,FALSE,FALSE
5/9/2024 15:30,37.32222222,FALSE,FALSE
5/9/2024 16:00,40.98333333,FALSE,FALSE
5/9/2024 16:30,40.35,FALSE,FALSE
5/9/2024 17:00,42.32222222,FALSE,FALSE
5/9/2024 17:30,42.98333333,FALSE,FALSE
5/9/2024 18:00,41.37222222,FALSE,FALSE
5/9/2024 18:30,40.35194027,FALSE,FALSE
5/9/2024 19:00,37.67198386,FALSE,FALSE
5/9/2024 19:30,41.64166667,FALSE,FALSE
5/9/2024 20:00,40.67666667,FALSE,FALSE
5/9/2024 20:30,39.33833333,FALSE,FALSE
5/9/2024 21:00,41.62666667,FALSE,FALSE
5/9/2024 21:30,42.025,FALSE,FALSE
5/9/2024 22:00,36.05,FALSE,FALSE
5/9/2024 22:30,37.63666667,FALSE,FALSE
5/9/2024 23:00,39.33833333,FALSE,FALSE
5/9/2024 23:30,33.68666667,FALSE,FALSE
5/10/2024 0:00,32.69447598,FALSE,FALSE
5/10/2024 0:30,32.33333333,FALSE,FALSE
5/10/2024 1:00,30.99111111,FALSE,FALSE
5/10/2024 1:30,29.34666667,FALSE,FALSE
5/10/2024 2:00,28.68,FALSE,FALSE
5/10/2024 2:30,27.66222222,FALSE,FALSE
5/10/2024 3:00,27.00444444,FALSE,FALSE
5/10/2024 3:30,27.66666667,FALSE,FALSE
5/10/2024 4:00,27.66666667,FALSE,FALSE
5/10/2024 4:30,28.32888889,FALSE,FALSE
5/10/2024 5:00,28.01947041,FALSE,FALSE
5/10/2024 5:30,28.66277778,FALSE,FALSE
5/10/2024 6:00,29.65888889,FALSE,FALSE
5/10/2024 6:30,34.31388889,FALSE,FALSE
5/10/2024 7:00,38.65111111,FALSE,FALSE
5/10/2024 7:30,44.63944444,FALSE,FALSE
5/10/2024 8:00,45.99611111,FALSE,FALSE
5/10/2024 8:30,41.67833333,FALSE,FALSE
5/10/2024 9:00,42.34888889,FALSE,FALSE
5/10/2024 9:30,48.0059117,FALSE,FALSE
5/10/2024 10:00,45.31690595,FALSE,FALSE
5/10/2024 10:30,44.34333333,FALSE,FALSE
5/10/2024 11:00,46.33,FALSE,FALSE
5/10/2024 11:30,43.67666667,FALSE,FALSE
5/10/2024 12:00,41.66666667,FALSE,FALSE
5/10/2024 12:30,44.65,FALSE,FALSE
5/10/2024 13:00,44.99666667,FALSE,FALSE
5/10/2024 13:30,40.36333333,FALSE,FALSE
5/10/2024 14:00,40.32333333,FALSE,FALSE
5/10/2024 14:30,38.35333333,FALSE,FALSE
5/10/2024 15:00,34.69392042,FALSE,FALSE
5/10/2024 15:30,39.64722222,FALSE,FALSE
5/10/2024 16:00,39.66654505,FALSE,FALSE
5/10/2024 16:30,43.99186144,FALSE,FALSE
5/10/2024 17:00,45.99444444,FALSE,FALSE
5/10/2024 17:30,41.01111111,FALSE,FALSE
5/10/2024 18:00,45.65277778,FALSE,FALSE
5/10/2024 18:30,46.68055556,FALSE,FALSE
5/10/2024 19:00,40.01111111,FALSE,FALSE
5/10/2024 19:30,38.33333333,FALSE,FALSE
5/10/2024 20:00,35.03058802,FALSE,FALSE
5/10/2024 20:30,38.65333333,FALSE,FALSE
5/10/2024 21:00,39.32516177,FALSE,FALSE
5/10/2024 21:30,36.3565725,FALSE,FALSE
5/10/2024 22:00,39.32444444,FALSE,FALSE
5/10/2024 22:30,39.32444444,FALSE,FALSE
5/10/2024 23:00,37.67777778,FALSE,FALSE
5/10/2024 23:30,39.65777778,FALSE,FALSE
5/11/2024 0:00,36.01111111,FALSE,FALSE
5/11/2024 0:30,31.69169542,FALSE,FALSE
5/11/2024 1:00,32.98178869,FALSE,FALSE
5/11/2024 1:30,29.02326964,FALSE,FALSE
5/11/2024 2:00,28.67,FALSE,FALSE
5/11/2024 2:30,28.33166667,FALSE,FALSE
5/11/2024 3:00,27.33666667,FALSE,FALSE
5/11/2024 3:30,27.66333333,FALSE,FALSE
5/11/2024 4:00,28,FALSE,FALSE
5/11/2024 4:30,27.66666667,FALSE,FALSE
5/11/2024 5:00,27.66833333,FALSE,FALSE
5/11/2024 5:30,28.01447041,FALSE,FALSE
5/11/2024 6:00,29.33111111,FALSE,FALSE
5/11/2024 6:30,30.98064152,FALSE,FALSE
5/11/2024 7:00,32.34941774,FALSE,FALSE
5/11/2024 7:30,33.00444444,FALSE,FALSE
5/11/2024 8:00,33.32888889,FALSE,FALSE
5/11/2024 8:30,35.99888889,FALSE,FALSE
5/11/2024 9:00,40.65888889,FALSE,FALSE
5/11/2024 9:30,43.33,FALSE,FALSE
5/11/2024 10:00,42.66666667,FALSE,FALSE
5/11/2024 10:30,49.68615563,FALSE,FALSE
5/11/2024 11:00,44.67277778,FALSE,FALSE
5/11/2024 11:30,45.66444444,FALSE,FALSE
5/11/2024 12:00,47.33277778,FALSE,FALSE
5/11/2024 12:30,47.66388889,FALSE,FALSE
5/11/2024 13:00,51.66777778,FALSE,FALSE
5/11/2024 13:30,50.66833333,FALSE,FALSE
5/11/2024 14:00,44.66611111,FALSE,FALSE
5/11/2024 14:30,47.66666667,FALSE,FALSE
5/11/2024 15:00,48.66888889,FALSE,FALSE
5/11/2024 15:30,46.35559729,FALSE,FALSE
5/11/2024 16:00,47.66666667,FALSE,FALSE
5/11/2024 16:30,46.66953242,FALSE,FALSE
5/11/2024 17:00,42.66666667,FALSE,FALSE
5/11/2024 17:30,40.66666667,FALSE,FALSE
5/11/2024 18:00,41.33333333,FALSE,FALSE
5/11/2024 18:30,45.33333333,FALSE,FALSE
5/11/2024 19:00,43,FALSE,FALSE
5/11/2024 19:30,40.66666667,FALSE,FALSE
5/11/2024 20:00,43.33333333,FALSE,FALSE
5/11/2024 20:30,41.6894834,FALSE,FALSE
5/11/2024 21:00,44.99944444,FALSE,FALSE
5/11/2024 21:30,40.66277778,FALSE,FALSE
5/11/2024 22:00,34.66555556,FALSE,FALSE
5/11/2024 22:30,34.00222222,FALSE,FALSE
5/11/2024 23:00,36.66611111,FALSE,FALSE
5/11/2024 23:30,37.67111111,FALSE,FALSE
5/12/2024 0:00,41.99722222,FALSE,FALSE
5/12/2024 0:30,37.66722222,FALSE,FALSE
5/12/2024 1:00,36.33061862,FALSE,FALSE
5/12/2024 1:30,33.01663513,FALSE,FALSE
5/12/2024 2:00,31.33111111,FALSE,FALSE
5/12/2024 2:30,29.33555556,FALSE,FALSE
5/12/2024 3:00,31.66333333,FALSE,FALSE
5/12/2024 3:30,28.66555556,FALSE,FALSE
5/12/2024 4:00,29.00222222,FALSE,FALSE
5/12/2024 4:30,31.24888889,FALSE,FALSE
5/12/2024 5:00,29,FALSE,FALSE
5/12/2024 5:30,29.67,FALSE,FALSE
5/12/2024 6:00,31.01549741,FALSE,FALSE
5/12/2024 6:30,31.33736653,FALSE,FALSE
5/12/2024 7:00,33.00166667,FALSE,FALSE
5/12/2024 7:30,35.00666667,FALSE,FALSE
5/12/2024 8:00,36.66166667,FALSE,FALSE
5/12/2024 8:30,35.675,FALSE,FALSE
5/12/2024 9:00,40.33333333,FALSE,FALSE
5/12/2024 9:30,39.335,FALSE,FALSE
5/12/2024 10:00,41.01333333,FALSE,FALSE
5/12/2024 10:30,48.98833333,FALSE,FALSE
5/12/2024 11:00,45.34072992,FALSE,FALSE
5/12/2024 11:30,45.68153589,FALSE,FALSE
5/12/2024 12:00,46.34888889,FALSE,FALSE
5/12/2024 12:30,47.99333333,FALSE,FALSE
5/12/2024 13:00,46.32,FALSE,FALSE
5/12/2024 13:30,42.67333333,FALSE,FALSE
5/12/2024 14:00,42.67555556,FALSE,FALSE
5/12/2024 14:30,44.66,FALSE,FALSE
5/12/2024 15:00,46.33111111,FALSE,FALSE
5/12/2024 15:30,44.66888889,FALSE,FALSE
5/12/2024 16:00,45.00187535,FALSE,FALSE
5/12/2024 16:30,45.34983306,FALSE,FALSE
5/12/2024 17:00,46,FALSE,FALSE
5/12/2024 17:30,42.31944444,FALSE,FALSE
5/12/2024 18:00,40.67777778,FALSE,FALSE
5/12/2024 18:30,41.99166667,FALSE,FALSE
5/12/2024 19:00,40.67777778,FALSE,FALSE
5/12/2024 19:30,41.34722222,FALSE,FALSE
5/12/2024 20:00,46.64444444,FALSE,FALSE
5/12/2024 20:30,45.67222222,FALSE,FALSE
5/12/2024 21:00,43.99411148,FALSE,FALSE
5/12/2024 21:30,42.37537006,FALSE,FALSE
5/12/2024 22:00,42.97,FALSE,FALSE
5/12/2024 22:30,42.35666667,FALSE,FALSE
5/12/2024 23:00,36.95666667,FALSE,FALSE
5/12/2024 23:30,34,FALSE,FALSE
5/13/2024 0:00,33.00333333,FALSE,FALSE
5/13/2024 0:30,29.32,FALSE,FALSE
5/13/2024 1:00,28.67333333,FALSE,FALSE
5/13/2024 1:30,30.66,FALSE,FALSE
5/13/2024 2:00,27.3405806,FALSE,FALSE
5/13/2024 2:30,25.66666667,FALSE,FALSE
5/13/2024 3:00,26.00388889,FALSE,FALSE
5/13/2024 3:30,26.66277778,FALSE,FALSE
5/13/2024 4:00,26.34111111,FALSE,FALSE
5/13/2024 4:30,27,FALSE,FALSE
5/13/2024 5:00,28.33333333,FALSE,FALSE
5/13/2024 5:30,29.01166667,FALSE,FALSE
5/13/2024 6:00,31.67833333,FALSE,FALSE
5/13/2024 6:30,36.02722222,FALSE,FALSE
5/13/2024 7:00,41.01596537,FALSE,FALSE
5/13/2024 7:30,47.69137451,FALSE,FALSE
5/13/2024 8:00,46.02222222,FALSE,FALSE
5/13/2024 8:30,48.64,FALSE,FALSE
5/13/2024 9:00,42.35555556,FALSE,FALSE
5/13/2024 9:30,44.96444444,FALSE,FALSE
5/13/2024 10:00,42.00888889,FALSE,FALSE
5/13/2024 10:30,44.32,FALSE,FALSE
5/13/2024 11:00,41.00888889,FALSE,FALSE
5/13/2024 11:30,43.00444444,FALSE,FALSE
5/13/2024 12:00,45.71282137,FALSE,FALSE
5/13/2024 12:30,45.63666667,FALSE,FALSE
5/13/2024 13:00,39.975,FALSE,FALSE
5/13/2024 13:30,39.69666667,FALSE,FALSE
5/13/2024 14:00,39.70166667,FALSE,FALSE
5/13/2024 14:30,47.96,FALSE,FALSE
5/13/2024 15:00,39.65666667,FALSE,FALSE
5/13/2024 15:30,42.73166667,FALSE,FALSE
5/13/2024 16:00,49.27333333,FALSE,FALSE
5/13/2024 16:30,41.72666667,FALSE,FALSE
5/13/2024 17:00,46.64615099,FALSE,FALSE
5/13/2024 17:30,42.97222222,FALSE,FALSE
5/13/2024 18:00,42.35,FALSE,FALSE
5/13/2024 18:30,40.02222222,FALSE,FALSE
5/13/2024 19:00,44.63888889,FALSE,FALSE
5/13/2024 19:30,40.32222222,FALSE,FALSE
5/13/2024 20:00,40.36111111,FALSE,FALSE
5/13/2024 20:30,41.97222222,FALSE,FALSE
5/13/2024 21:00,40.98888889,FALSE,FALSE
5/13/2024 21:30,41.01111111,FALSE,FALSE
5/13/2024 22:00,40.34892692,FALSE,FALSE
5/13/2024 22:30,36.64222222,FALSE,FALSE
5/13/2024 23:00,31.32722222,FALSE,FALSE
5/13/2024 23:30,32.98166667,FALSE,FALSE
5/14/2024 0:00,29,FALSE,FALSE
5/14/2024 0:30,28.98166667,FALSE,FALSE
5/14/2024 1:00,27.66666667,FALSE,FALSE
5/14/2024 1:30,28.35777778,FALSE,FALSE
5/14/2024 2:00,28.29666667,FALSE,FALSE
5/14/2024 2:30,25.99972269,FALSE,FALSE
5/14/2024 3:00,26.34696717,FALSE,FALSE
5/14/2024 3:30,26.35333333,FALSE,FALSE
5/14/2024 4:00,26.66,FALSE,FALSE
5/14/2024 4:30,26.68060463,FALSE,FALSE
5/14/2024 5:00,28.99333333,FALSE,FALSE
5/14/2024 5:30,29.01333333,FALSE,FALSE
5/14/2024 6:00,29.66666667,FALSE,FALSE
5/14/2024 6:30,32.03333333,FALSE,FALSE
5/14/2024 7:00,41.06666667,FALSE,FALSE
5/14/2024 7:30,44.98666667,FALSE,FALSE
5/14/2024 8:00,44.99949175,FALSE,FALSE
5/14/2024 8:30,40,FALSE,FALSE
5/14/2024 9:00,36.61611111,FALSE,FALSE
5/14/2024 9:30,33.38388889,FALSE,FALSE
5/14/2024 10:00,38.63777778,FALSE,FALSE
5/14/2024 10:30,38.38388889,FALSE,FALSE
5/14/2024 11:00,41.00722222,FALSE,FALSE
5/14/2024 11:30,39.63777778,FALSE,FALSE
5/14/2024 12:00,40.04333333,FALSE,FALSE
5/14/2024 12:30,44.69006771,FALSE,FALSE
5/14/2024 13:00,41.9638657,FALSE,FALSE
5/14/2024 13:30,39.99222222,FALSE,FALSE
5/14/2024 14:00,40.02333333,FALSE,FALSE
5/14/2024 14:30,42.01555556,FALSE,FALSE
5/14/2024 15:00,44.66666667,FALSE,FALSE
5/14/2024 15:30,43,FALSE,FALSE
5/14/2024 16:00,44.30222222,FALSE,FALSE
5/14/2024 16:30,41.07,FALSE,FALSE
5/14/2024 17:00,43.94555556,FALSE,FALSE
5/14/2024 17:30,39.02334177,FALSE,FALSE
5/14/2024 18:00,39.97399069,FALSE,FALSE
5/14/2024 18:30,37.975,FALSE,FALSE
5/14/2024 19:00,39.06666667,FALSE,FALSE
5/14/2024 19:30,42.65,FALSE,FALSE
5/14/2024 20:00,41.675,FALSE,FALSE
5/14/2024 20:30,41.69166667,FALSE,FALSE
5/14/2024 21:00,46.33333333,FALSE,FALSE
5/14/2024 21:30,46.01666667,FALSE,FALSE
5/14/2024 22:00,42.93333333,FALSE,FALSE
5/14/2024 22:30,40.94661566,FALSE,FALSE
5/14/2024 23:00,34.72952699,FALSE,FALSE
5/14/2024 23:30,36.64,FALSE,FALSE
5/15/2024 0:00,32.28,FALSE,FALSE
5/15/2024 0:30,31.67555556,FALSE,FALSE
5/15/2024 1:00,29.97333333,FALSE,FALSE
5/15/2024 1:30,26.99111111,FALSE,FALSE
5/15/2024 2:00,26.66666667,FALSE,FALSE
5/15/2024 2:30,26.65777778,FALSE,FALSE
5/15/2024 3:00,27.35111111,FALSE,FALSE
5/15/2024 3:30,28.0055806,FALSE,FALSE
5/15/2024 4:00,28.02833333,FALSE,FALSE
5/15/2024 4:30,28.64777778,FALSE,FALSE
5/15/2024 5:00,29.36166667,FALSE,FALSE
5/15/2024 5:30,29.66666667,FALSE,FALSE
5/15/2024 6:00,31.01888889,FALSE,FALSE
5/15/2024 6:30,33.01888889,FALSE,FALSE
5/15/2024 7:00,39.44666667,FALSE,FALSE
5/15/2024 7:30,48.27666667,FALSE,FALSE
5/15/2024 8:00,44.39,FALSE,FALSE
5/15/2024 8:30,43.64115192,FALSE,FALSE
5/15/2024 9:00,42.34333333,FALSE,FALSE
5/15/2024 9:30,43.37333333,FALSE,FALSE
5/15/2024 10:00,45.60666667,FALSE,FALSE
5/15/2024 10:30,43.65666667,FALSE,FALSE
5/15/2024 11:00,41.01,FALSE,FALSE
5/15/2024 11:30,44.01,FALSE,FALSE
5/15/2024 12:00,46.01,FALSE,FALSE
5/15/2024 12:30,44.08,FALSE,FALSE
5/15/2024 13:00,50.64666667,FALSE,FALSE
5/15/2024 13:30,50.30782508,FALSE,FALSE
5/15/2024 14:00,40.62444444,FALSE,FALSE
5/15/2024 14:30,40.39666667,FALSE,FALSE
5/15/2024 15:00,43.98944444,FALSE,FALSE
5/15/2024 15:30,47.02111111,FALSE,FALSE
5/15/2024 16:00,43.91555556,FALSE,FALSE
5/15/2024 16:30,43.595,FALSE,FALSE
5/15/2024 17:00,48.98944444,FALSE,FALSE
5/15/2024 17:30,47.64555556,FALSE,FALSE
5/15/2024 18:00,43.26739009,FALSE,FALSE
5/15/2024 18:30,38.76542385,FALSE,FALSE
5/15/2024 19:00,43.97777778,FALSE,FALSE
5/15/2024 19:30,40.95555556,FALSE,FALSE
5/15/2024 20:00,40.74444444,FALSE,FALSE
5/15/2024 20:30,42.61111111,FALSE,FALSE
5/15/2024 21:00,41.28888889,FALSE,FALSE
5/15/2024 21:30,41.04444444,FALSE,FALSE
5/15/2024 22:00,42.38888889,FALSE,FALSE
5/15/2024 22:30,44.56666667,FALSE,FALSE
5/15/2024 23:00,36.28843999,FALSE,FALSE
5/15/2024 23:30,34.33992487,FALSE,FALSE
5/16/2024 0:00,32.66666667,FALSE,FALSE
5/16/2024 0:30,33.39166667,FALSE,FALSE
5/16/2024 1:00,34.91833333,FALSE,FALSE
5/16/2024 1:30,30.66666667,FALSE,FALSE
5/16/2024 2:00,29.655,FALSE,FALSE
5/16/2024 2:30,29.66666667,FALSE,FALSE
5/16/2024 3:00,29.66666667,FALSE,FALSE
5/16/2024 3:30,30.33333333,FALSE,FALSE
5/16/2024 4:00,30.69495388,FALSE,FALSE
5/16/2024 4:30,30.69124247,FALSE,FALSE
5/16/2024 5:00,31.66666667,FALSE,FALSE
5/16/2024 5:30,32.66666667,FALSE,FALSE
5/16/2024 6:00,34.02444444,FALSE,FALSE
5/16/2024 6:30,36.01222222,FALSE,FALSE
5/16/2024 7:00,41.75222222,FALSE,FALSE
5/16/2024 7:30,47.09777778,FALSE,FALSE
5/16/2024 8:00,50.97555556,FALSE,FALSE
5/16/2024 8:30,47.27222222,FALSE,FALSE
5/16/2024 9:00,41.99781488,FALSE,FALSE
5/16/2024 9:30,41.90944444,FALSE,FALSE
5/16/2024 10:00,48.79555556,FALSE,FALSE
5/16/2024 10:30,40.69222222,FALSE,FALSE
5/16/2024 11:00,42.67944444,FALSE,FALSE
5/16/2024 11:30,43.94888889,FALSE,FALSE
5/16/2024 12:00,46.43555556,FALSE,FALSE
5/16/2024 12:30,48.28222222,FALSE,FALSE
5/16/2024 13:00,51.61555556,FALSE,FALSE
5/16/2024 13:30,44.62833333,FALSE,FALSE
5/16/2024 14:00,39.57686793,FALSE,FALSE
5/16/2024 14:30,35.08483027,FALSE,FALSE
5/16/2024 15:00,38.89333333,FALSE,FALSE
5/16/2024 15:30,35.4,FALSE,FALSE
5/16/2024 16:00,36.05333333,FALSE,FALSE
5/16/2024 16:30,43.72,FALSE,FALSE
5/16/2024 17:00,45.02666667,FALSE,FALSE
5/16/2024 17:30,45.89333333,FALSE,FALSE
5/16/2024 18:00,37.69333333,FALSE,FALSE
5/16/2024 18:30,41.04,FALSE,FALSE
5/16/2024 19:00,39.92392228,FALSE,FALSE
5/16/2024 19:30,38.41666667,FALSE,FALSE
5/16/2024 20:00,41.01388889,FALSE,FALSE
5/16/2024 20:30,40.98611111,FALSE,FALSE
5/16/2024 21:00,42.68055556,FALSE,FALSE
5/16/2024 21:30,41.65277778,FALSE,FALSE
5/16/2024 22:00,38.91666667,FALSE,FALSE
5/16/2024 22:30,36.66666667,FALSE,FALSE
5/16/2024 23:00,35.97222222,FALSE,FALSE
5/16/2024 23:30,33.66666667,FALSE,FALSE
5/17/2024 0:00,35.33836579,FALSE,FALSE
5/17/2024 0:30,32.65222222,FALSE,FALSE
5/17/2024 1:00,31.30444444,FALSE,FALSE
5/17/2024 1:30,30.63777778,FALSE,FALSE
5/17/2024 2:00,28.69555556,FALSE,FALSE
5/17/2024 2:30,28.62333333,FALSE,FALSE
5/17/2024 3:00,27.34777778,FALSE,FALSE
5/17/2024 3:30,29,FALSE,FALSE
5/17/2024 4:00,29.01444444,FALSE,FALSE
5/17/2024 4:30,29.38002782,FALSE,FALSE
5/17/2024 5:00,30.65166667,FALSE,FALSE
5/17/2024 5:30,31.015,FALSE,FALSE
5/17/2024 6:00,31.680868,FALSE,FALSE
5/17/2024 6:30,35.12308386,FALSE,FALSE
5/17/2024 7:00,39.86166667,FALSE,FALSE
5/17/2024 7:30,50.51666667,FALSE,FALSE
5/17/2024 8:00,45.075,FALSE,FALSE
5/17/2024 8:30,46.94,FALSE,FALSE
5/17/2024 9:00,45.285,FALSE,FALSE
5/17/2024 9:30,49.04003803,FALSE,FALSE
5/17/2024 10:00,48.3633056,FALSE,FALSE
5/17/2024 10:30,42.98399532,FALSE,FALSE
5/17/2024 11:00,42.33333333,FALSE,FALSE
5/17/2024 11:30,50.66666667,FALSE,FALSE
5/17/2024 12:00,44.79111111,FALSE,FALSE
5/17/2024 12:30,46.85333333,FALSE,FALSE
5/17/2024 13:00,50.58,FALSE,FALSE
5/17/2024 13:30,39.34888889,FALSE,FALSE
5/17/2024 14:00,43.01555556,FALSE,FALSE
5/17/2024 14:30,38.08503432,FALSE,FALSE
5/17/2024 15:00,43.60222222,FALSE,FALSE
5/17/2024 15:30,39.95166667,FALSE,FALSE
5/17/2024 16:00,36.01611111,FALSE,FALSE
5/17/2024 16:30,37.39777778,FALSE,FALSE
5/17/2024 17:00,41.68277778,FALSE,FALSE
5/17/2024 17:30,38.36555556,FALSE,FALSE
5/17/2024 18:00,42.95166667,FALSE,FALSE
5/17/2024 18:30,41.33333333,FALSE,FALSE
5/17/2024 19:00,38.95166667,FALSE,FALSE
5/17/2024 19:30,37.01827954,FALSE,FALSE
5/17/2024 20:00,37.00342237,FALSE,FALSE
5/17/2024 20:30,39.06666667,FALSE,FALSE
5/17/2024 21:00,40.26666667,FALSE,FALSE
5/17/2024 21:30,37.95,FALSE,FALSE
5/17/2024 22:00,36.4,FALSE,FALSE
5/17/2024 22:30,37.95,FALSE,FALSE
5/17/2024 23:00,34,FALSE,FALSE
5/17/2024 23:30,34.01666667,FALSE,FALSE
5/18/2024 0:00,32.61666667,FALSE,FALSE
5/18/2024 0:30,33.66892135,FALSE,FALSE
5/18/2024 1:00,32.31611111,FALSE,FALSE
5/18/2024 1:30,31.66666667,FALSE,FALSE
5/18/2024 2:00,30.64944444,FALSE,FALSE
5/18/2024 2:30,28.91388889,FALSE,FALSE
5/18/2024 3:00,27.05166667,FALSE,FALSE
5/18/2024 3:30,27.98277778,FALSE,FALSE
5/18/2024 4:00,27,FALSE,FALSE
5/18/2024 4:30,27.33333333,FALSE,FALSE
5/18/2024 5:00,28.03530514,FALSE,FALSE
5/18/2024 5:30,29.70064181,FALSE,FALSE
5/18/2024 6:00,31.03416611,FALSE,FALSE
5/18/2024 6:30,30.96444444,FALSE,FALSE
5/18/2024 7:00,32.36888889,FALSE,FALSE
5/18/2024 7:30,32.72,FALSE,FALSE
5/18/2024 8:00,37.40444444,FALSE,FALSE
5/18/2024 8:30,39.33333333,FALSE,FALSE
5/18/2024 9:00,41.40444444,FALSE,FALSE
5/18/2024 9:30,39.98222222,FALSE,FALSE
5/18/2024 10:00,39.2995576,FALSE,FALSE
5/18/2024 10:30,43.42770173,FALSE,FALSE
5/18/2024 11:00,43.96333333,FALSE,FALSE
5/18/2024 11:30,43.055,FALSE,FALSE
5/18/2024 12:00,48.64833333,FALSE,FALSE
5/18/2024 12:30,49.11,FALSE,FALSE
5/18/2024 13:00,46.64833333,FALSE,FALSE
5/18/2024 13:30,48.61166667,FALSE,FALSE
5/18/2024 14:00,45.945,FALSE,FALSE
5/18/2024 14:30,43.01833333,FALSE,FALSE
5/18/2024 15:00,44.76782044,FALSE,FALSE
5/18/2024 15:30,46.66786297,FALSE,FALSE
5/18/2024 16:00,46.21639571,FALSE,FALSE
5/18/2024 16:30,43.63257281,FALSE,FALSE
5/18/2024 17:00,40.76111111,FALSE,FALSE
5/18/2024 17:30,46.01888889,FALSE,FALSE
5/18/2024 18:00,44.66666667,FALSE,FALSE
5/18/2024 18:30,45.55333333,FALSE,FALSE
5/18/2024 19:00,42.03777778,FALSE,FALSE
5/18/2024 19:30,43.31355314,FALSE,FALSE
5/18/2024 20:00,42.3937071,FALSE,FALSE
5/18/2024 20:30,42.19512786,FALSE,FALSE
5/18/2024 21:00,40.07772213,FALSE,FALSE
5/18/2024 21:30,38.90277778,FALSE,FALSE
5/18/2024 22:00,39.09722222,FALSE,FALSE
5/18/2024 22:30,41.33333333,FALSE,FALSE
5/18/2024 23:00,38.98055556,FALSE,FALSE
5/18/2024 23:30,41.45,FALSE,FALSE
5/19/2024 0:00,41.49166667,FALSE,FALSE
5/19/2024 0:30,38.01956873,FALSE,FALSE
5/19/2024 1:00,34.95935448,FALSE,FALSE
5/19/2024 1:30,33.35333333,FALSE,FALSE
5/19/2024 2:00,33.98,FALSE,FALSE
5/19/2024 2:30,33.29333333,FALSE,FALSE
5/19/2024 3:00,31.31333333,FALSE,FALSE
5/19/2024 3:30,30.96,FALSE,FALSE
5/19/2024 4:00,29.04,FALSE,FALSE
5/19/2024 4:30,30.29333333,FALSE,FALSE
5/19/2024 5:00,29.33333333,FALSE,FALSE
5/19/2024 5:30,31.01936283,FALSE,FALSE
5/19/2024 6:00,30.43122055,FALSE,FALSE
5/19/2024 6:30,33.35388889,FALSE,FALSE
5/19/2024 7:00,35.04111111,FALSE,FALSE
5/19/2024 7:30,36,FALSE,FALSE
5/19/2024 8:00,36.97944444,FALSE,FALSE
5/19/2024 8:30,39.45666667,FALSE,FALSE
5/19/2024 9:00,40.95888889,FALSE,FALSE
5/19/2024 9:30,42.43611111,FALSE,FALSE
5/19/2024 10:00,46.08222222,FALSE,FALSE
5/19/2024 10:30,48.46615563,FALSE,FALSE
5/19/2024 11:00,48.56111111,FALSE,FALSE
5/19/2024 11:30,46.51888889,FALSE,FALSE
5/19/2024 12:00,45.68777778,FALSE,FALSE
5/19/2024 12:30,44.75111111,FALSE,FALSE
5/19/2024 13:00,46.10555556,FALSE,FALSE
5/19/2024 13:30,47.35444444,FALSE,FALSE
5/19/2024 14:00,51.31222222,FALSE,FALSE
5/19/2024 14:30,49.18555556,FALSE,FALSE
5/19/2024 15:00,46.85666667,FALSE,FALSE
5/19/2024 15:30,49.85337785,FALSE,FALSE
5/19/2024 16:00,45.935,FALSE,FALSE
5/19/2024 16:30,46.13,FALSE,FALSE
5/19/2024 17:00,46.24666667,FALSE,FALSE
5/19/2024 17:30,47.44166667,FALSE,FALSE
5/19/2024 18:00,47.97833333,FALSE,FALSE
5/19/2024 18:30,46.95666667,FALSE,FALSE
5/19/2024 19:00,46.33333333,FALSE,FALSE
5/19/2024 19:30,47.91333333,FALSE,FALSE
5/19/2024 20:00,45.73166667,FALSE,FALSE
5/19/2024 20:30,43.69115192,FALSE,FALSE
5/19/2024 21:00,43.55555556,FALSE,FALSE
5/19/2024 21:30,41.68888889,FALSE,FALSE
5/19/2024 22:00,40.97777778,FALSE,FALSE
5/19/2024 22:30,42,FALSE,FALSE
5/19/2024 23:00,40.26666667,FALSE,FALSE
5/19/2024 23:30,36.66666667,FALSE,FALSE
5/20/2024 0:00,38.37777778,FALSE,FALSE
5/20/2024 0:30,38.86666667,FALSE,FALSE
5/20/2024 1:00,34.73333333,FALSE,FALSE
5/20/2024 1:30,35.95688648,FALSE,FALSE
5/20/2024 2:00,34.30592376,FALSE,FALSE
5/20/2024 2:30,33.66666667,FALSE,FALSE
5/20/2024 3:00,32.97722222,FALSE,FALSE
5/20/2024 3:30,32.66666667,FALSE,FALSE
5/20/2024 4:00,32.68944444,FALSE,FALSE
5/20/2024 4:30,33.66666667,FALSE,FALSE
5/20/2024 5:00,33.33333333,FALSE,FALSE
5/20/2024 5:30,34,FALSE,FALSE
5/20/2024 6:00,33.40362456,FALSE,FALSE
5/20/2024 6:30,36.82529772,FALSE,FALSE
5/20/2024 7:00,42.47333333,FALSE,FALSE
5/20/2024 7:30,46.95333333,FALSE,FALSE
5/20/2024 8:00,46.38,FALSE,FALSE
5/20/2024 8:30,46.59666667,FALSE,FALSE
5/20/2024 9:00,47.35666667,FALSE,FALSE
5/20/2024 9:30,43.88333333,FALSE,FALSE
5/20/2024 10:00,51.63666667,FALSE,FALSE
5/20/2024 10:30,50.90666667,FALSE,FALSE
5/20/2024 11:00,50.21282044,FALSE,FALSE
5/20/2024 11:30,43.66666667,FALSE,FALSE
5/20/2024 12:00,46.42888889,FALSE,FALSE
5/20/2024 12:30,49.04777778,FALSE,FALSE
5/20/2024 13:00,55.405,FALSE,FALSE
5/20/2024 13:30,48.73722222,FALSE,FALSE
5/20/2024 14:00,43.66777778,FALSE,FALSE
5/20/2024 14:30,46.68944444,FALSE,FALSE
5/20/2024 15:00,42.35722222,FALSE,FALSE
5/20/2024 15:30,44.95222222,FALSE,FALSE
5/20/2024 16:00,42.61781859,FALSE,FALSE
5/20/2024 16:30,42.71555556,FALSE,FALSE
5/20/2024 17:00,44.74,FALSE,FALSE
5/20/2024 17:30,46.83777778,FALSE,FALSE
5/20/2024 18:00,49.95111111,FALSE,FALSE
5/20/2024 18:30,48.97555556,FALSE,FALSE
5/20/2024 19:00,40.47111111,FALSE,FALSE
5/20/2024 19:30,41.74,FALSE,FALSE
5/20/2024 20:00,42.30888889,FALSE,FALSE
5/20/2024 20:30,43.38222222,FALSE,FALSE
5/20/2024 21:00,43.61503895,FALSE,FALSE
5/20/2024 21:30,39.9,FALSE,FALSE
5/20/2024 22:00,38.95,FALSE,FALSE
5/20/2024 22:30,35.66666667,FALSE,FALSE
5/20/2024 23:00,37.15,FALSE,FALSE
5/20/2024 23:30,41,FALSE,FALSE
5/21/2024 0:00,39.51666667,FALSE,FALSE
5/21/2024 0:30,34.61666667,FALSE,FALSE
5/21/2024 1:00,32.05,FALSE,FALSE
5/21/2024 1:30,34.28418568,FALSE,FALSE
5/21/2024 2:00,31.29917826,FALSE,FALSE
5/21/2024 2:30,29.61555556,TRUE,FALSE
5/21/2024 3:00,29,TRUE,FALSE
5/21/2024 3:30,29,TRUE,FALSE
5/21/2024 4:00,28.52555556,TRUE,FALSE
5/21/2024 4:30,29.30777778,TRUE,FALSE
5/21/2024 5:00,29.66666667,TRUE,FALSE
5/21/2024 5:30,29.69222222,TRUE,FALSE
5/21/2024 6:00,30.71777778,TRUE,FALSE
5/21/2024 6:30,34.81725747,TRUE,FALSE
5/21/2024 7:00,36.79722222,TRUE,FALSE
5/21/2024 7:30,44.10444444,TRUE,FALSE
5/21/2024 8:00,43.22888889,TRUE,FALSE
5/21/2024 8:30,45.46388889,TRUE,FALSE
5/21/2024 9:00,49.92777778,TRUE,FALSE
5/21/2024 9:30,46.96777778,TRUE,FALSE
5/21/2024 10:00,50,TRUE,FALSE
5/21/2024 10:30,45.64666667,TRUE,FALSE
5/21/2024 11:00,46.79111111,TRUE,FALSE
5/21/2024 11:30,47.22671119,TRUE,FALSE
5/21/2024 12:00,46.69333333,TRUE,FALSE
5/21/2024 12:30,42.66666667,TRUE,FALSE
5/21/2024 13:00,50.17333333,TRUE,FALSE
5/21/2024 13:30,49.08,TRUE,FALSE
5/21/2024 14:00,37.74666667,TRUE,FALSE
5/21/2024 14:30,44.30666667,TRUE,FALSE
5/21/2024 15:00,42,TRUE,FALSE
5/21/2024 15:30,42.38666667,TRUE,FALSE
5/21/2024 16:00,44.97333333,TRUE,FALSE
5/21/2024 16:30,43.61004174,TRUE,FALSE
5/21/2024 17:00,44.85722222,TRUE,FALSE
5/21/2024 17:30,45.33333333,TRUE,FALSE
5/21/2024 18:00,47.11555556,TRUE,FALSE
5/21/2024 18:30,40.69388889,TRUE,FALSE
5/21/2024 19:00,43.38777778,TRUE,FALSE
5/21/2024 19:30,43.80277778,TRUE,FALSE
5/21/2024 20:00,42.72111111,TRUE,FALSE
5/21/2024 20:30,46.11555556,TRUE,FALSE
5/21/2024 21:00,38.97518828,TRUE,FALSE
5/21/2024 21:30,38.43707104,FALSE,FALSE
5/21/2024 22:00,42.52777778,FALSE,FALSE
5/21/2024 22:30,39.97222222,FALSE,FALSE
5/21/2024 23:00,39.5,FALSE,FALSE
5/21/2024 23:30,39.88888889,FALSE,FALSE
5/22/2024 0:00,35.55555556,FALSE,FALSE
5/22/2024 0:30,33.58333333,FALSE,FALSE
5/22/2024 1:00,33.02777778,FALSE,FALSE
5/22/2024 1:30,32.33333333,FALSE,FALSE
5/22/2024 2:00,31.58475237,FALSE,FALSE
5/22/2024 2:30,30.65360879,FALSE,FALSE
5/22/2024 3:00,29.36166667,FALSE,FALSE
5/22/2024 3:30,29.58166667,FALSE,FALSE
5/22/2024 4:00,27.695,FALSE,FALSE
5/22/2024 4:30,30.02833333,FALSE,FALSE
5/22/2024 5:00,28.97166667,FALSE,FALSE
5/22/2024 5:30,29.05666667,FALSE,FALSE
5/22/2024 6:00,30.39,FALSE,FALSE
5/22/2024 6:30,35.75166667,FALSE,FALSE
5/22/2024 7:00,37.13503524,FALSE,FALSE
5/22/2024 7:30,44.62222222,FALSE,FALSE
5/22/2024 8:00,45.21619166,FALSE,FALSE
5/22/2024 8:30,43.43555556,FALSE,FALSE
5/22/2024 9:00,40.44888889,FALSE,FALSE
5/22/2024 9:30,41.76666667,FALSE,FALSE
5/22/2024 10:00,47.84222222,FALSE,FALSE
5/22/2024 10:30,41.69555556,FALSE,FALSE
5/22/2024 11:00,42.11555556,FALSE,FALSE
5/22/2024 11:30,47.69555556,FALSE,FALSE
5/22/2024 12:00,43.38559358,FALSE,FALSE
5/22/2024 12:30,43.90222222,FALSE,FALSE
5/22/2024 13:00,53.06833333,FALSE,FALSE
5/22/2024 13:30,45.02944444,FALSE,FALSE
5/22/2024 14:00,43.245,FALSE,FALSE
5/22/2024 14:30,52.05888889,FALSE,FALSE
5/22/2024 15:00,46.39222222,FALSE,FALSE
5/22/2024 15:30,44.79388889,FALSE,FALSE
5/22/2024 16:00,43.20611111,FALSE,FALSE
5/22/2024 16:30,48.05888889,FALSE,FALSE
5/22/2024 17:00,45.90448525,FALSE,FALSE
5/22/2024 17:30,45.12,FALSE,FALSE
5/22/2024 18:00,45,FALSE,FALSE
5/22/2024 18:30,46.51666667,FALSE,FALSE
5/22/2024 19:00,44,FALSE,FALSE
5/22/2024 19:30,42.27333333,FALSE,FALSE
5/22/2024 20:00,41.39333333,FALSE,FALSE
5/22/2024 20:30,42,FALSE,FALSE
5/22/2024 21:00,41.33333333,FALSE,FALSE
5/22/2024 21:30,46.13781673,FALSE,FALSE
5/22/2024 22:00,40.51666667,FALSE,FALSE
5/22/2024 22:30,41.09854096,FALSE,FALSE
5/22/2024 23:00,36.29041922,FALSE,FALSE
5/22/2024 23:30,36.78888889,FALSE,FALSE
5/23/2024 0:00,39.30277778,FALSE,FALSE
5/23/2024 0:30,36.27222222,FALSE,FALSE
5/23/2024 1:00,35.425,FALSE,FALSE
5/23/2024 1:30,36.54444444,FALSE,FALSE
5/23/2024 2:00,33.03055556,FALSE,FALSE
5/23/2024 2:30,33.57610647,FALSE,FALSE
5/23/2024 3:00,32.38058987,FALSE,FALSE
5/23/2024 3:30,33.36444444,FALSE,FALSE
5/23/2024 4:00,34.69777778,FALSE,FALSE
5/23/2024 4:30,34.63555556,FALSE,FALSE
5/23/2024 5:00,33.69777778,FALSE,FALSE
5/23/2024 5:30,33.93777778,TRUE,FALSE
5/23/2024 6:00,34.51,TRUE,FALSE
5/23/2024 6:30,38.19222222,TRUE,FALSE
5/23/2024 7:00,38.60888889,TRUE,FALSE
5/23/2024 7:30,43.59726489,TRUE,FALSE
5/23/2024 8:00,40.25333333,TRUE,FALSE
5/23/2024 8:30,45.825,TRUE,FALSE
5/23/2024 9:00,50.20666667,TRUE,FALSE
5/23/2024 9:30,49.04666667,TRUE,FALSE
5/23/2024 10:00,49.7,TRUE,FALSE
5/23/2024 10:30,45.77666667,TRUE,FALSE
5/23/2024 11:00,51.81,TRUE,FALSE
5/23/2024 11:30,46.175,TRUE,FALSE
5/23/2024 12:00,49.095,TRUE,FALSE
5/23/2024 12:30,50.71560193,TRUE,FALSE
5/23/2024 13:00,45.97888889,TRUE,FALSE
5/23/2024 13:30,47.26888889,TRUE,FALSE
5/23/2024 14:00,52,TRUE,FALSE
5/23/2024 14:30,45.96777778,TRUE,FALSE
5/23/2024 15:00,40.53777778,TRUE,FALSE
5/23/2024 15:30,39.62333333,TRUE,FALSE
5/23/2024 16:00,45.93555556,TRUE,FALSE
5/23/2024 16:30,43.77444444,TRUE,FALSE
5/23/2024 17:00,43.03279911,TRUE,FALSE
5/23/2024 17:30,41.81835003,TRUE,FALSE
5/23/2024 18:00,42.93444444,FALSE,FALSE
5/23/2024 18:30,41.33333333,FALSE,FALSE
5/23/2024 19:00,41.235,FALSE,FALSE
5/23/2024 19:30,39.93444444,TRUE,FALSE
5/23/2024 20:00,39.06555556,TRUE,FALSE
5/23/2024 20:30,41.13111111,TRUE,FALSE
5/23/2024 21:00,41.86888889,TRUE,FALSE
5/23/2024 21:30,40.53555556,TRUE,FALSE
5/23/2024 22:00,38.8200371,TRUE,FALSE
5/23/2024 22:30,39.3,TRUE,FALSE
5/23/2024 23:00,40.9,TRUE,FALSE
5/23/2024 23:30,35.73333333,TRUE,FALSE
5/24/2024 0:00,37.86666667,TRUE,FALSE
5/24/2024 0:30,34.3,TRUE,FALSE
5/24/2024 1:00,32.3,TRUE,FALSE
5/24/2024 1:30,32,TRUE,FALSE
5/24/2024 2:00,30.26666667,TRUE,FALSE
5/24/2024 2:30,29.33333333,TRUE,FALSE
5/24/2024 3:00,30.06964376,TRUE,FALSE
5/24/2024 3:30,31.64877481,TRUE,FALSE
5/24/2024 4:00,30,TRUE,FALSE
5/24/2024 4:30,30.63277778,TRUE,FALSE
5/24/2024 5:00,30,TRUE,FALSE
5/24/2024 5:30,29.96611111,TRUE,FALSE
5/24/2024 6:00,31.13555556,TRUE,FALSE
5/24/2024 6:30,34.53666667,TRUE,FALSE
5/24/2024 7:00,39.36722222,TRUE,FALSE
5/24/2024 7:30,42.65559729,TRUE,FALSE
5/24/2024 8:00,41.17222222,TRUE,FALSE
5/24/2024 8:30,42,TRUE,FALSE
5/24/2024 9:00,50.19555556,TRUE,FALSE
5/24/2024 9:30,40.10333333,TRUE,FALSE
5/24/2024 10:00,40.88444444,TRUE,FALSE
5/24/2024 10:30,48.09222222,TRUE,FALSE
5/24/2024 11:00,47.56333333,FALSE,FALSE
5/24/2024 11:30,47.56333333,FALSE,FALSE
5/24/2024 12:00,48.36777778,FALSE,FALSE
5/24/2024 12:30,47.84359395,FALSE,FALSE
5/24/2024 13:00,54.83256539,FALSE,FALSE
5/24/2024 13:30,54.58,FALSE,FALSE
5/24/2024 14:00,46.47333333,FALSE,FALSE
5/24/2024 14:30,44.22833333,FALSE,FALSE
5/24/2024 15:00,45.535,FALSE,FALSE
5/24/2024 15:30,42.42166667,FALSE,FALSE
5/24/2024 16:00,42.68333333,FALSE,FALSE
5/24/2024 16:30,42.98333333,FALSE,FALSE
5/24/2024 17:00,43.50833333,FALSE,FALSE
5/24/2024 17:30,43.02170377,FALSE,FALSE
5/24/2024 18:00,45.82222222,FALSE,FALSE
5/24/2024 18:30,37.36888889,FALSE,FALSE
5/24/2024 19:00,42.41,FALSE,FALSE
5/24/2024 19:30,45.48222222,FALSE,FALSE
5/24/2024 20:00,40.68,FALSE,FALSE
5/24/2024 20:30,40.61777778,FALSE,FALSE
5/24/2024 21:00,43.40444444,FALSE,FALSE
5/24/2024 21:30,40.15555556,FALSE,FALSE
5/24/2024 22:00,42.29777778,FALSE,FALSE
5/24/2024 22:30,38.98272171,FALSE,FALSE
5/24/2024 23:00,43.81944444,FALSE,FALSE
5/24/2024 23:30,40.775,FALSE,FALSE
5/25/2024 0:00,39.52222222,FALSE,FALSE
5/25/2024 0:30,36.96388889,FALSE,FALSE
5/25/2024 1:00,38.63055556,FALSE,FALSE
5/25/2024 1:30,35.59444444,FALSE,FALSE
5/25/2024 2:00,34.92777778,FALSE,FALSE
5/25/2024 2:30,33.70277778,FALSE,FALSE
5/25/2024 3:00,32.55833333,FALSE,FALSE
5/25/2024 3:30,30.38669449,FALSE,FALSE
5/25/2024 4:00,31.66666667,FALSE,FALSE
5/25/2024 4:30,31.63,FALSE,FALSE
5/25/2024 5:00,31.37,FALSE,FALSE
5/25/2024 5:30,32.03666667,FALSE,FALSE
5/25/2024 6:00,32.44333333,FALSE,FALSE
5/25/2024 6:30,34.59333333,FALSE,FALSE
5/25/2024 7:00,34.37,FALSE,FALSE
5/25/2024 7:30,38.40666667,FALSE,FALSE
5/25/2024 8:00,37.51643916,FALSE,FALSE
5/25/2024 8:30,41.12225512,FALSE,FALSE
5/25/2024 9:00,45.18444444,FALSE,FALSE
5/25/2024 9:30,42.11,FALSE,FALSE
5/25/2024 10:00,39.29777778,FALSE,FALSE
5/25/2024 10:30,45.77833333,FALSE,FALSE
5/25/2024 11:00,49.72333333,FALSE,FALSE
5/25/2024 11:30,50.31388889,FALSE,FALSE
5/25/2024 12:00,53.335,FALSE,FALSE
5/25/2024 12:30,50.44333333,FALSE,FALSE
5/25/2024 13:00,50.69115377,FALSE,FALSE
5/25/2024 13:30,48.14444444,FALSE,FALSE
5/25/2024 14:00,42.51555556,FALSE,FALSE
5/25/2024 14:30,44.74222222,FALSE,FALSE
5/25/2024 15:00,45.89333333,FALSE,FALSE
5/25/2024 15:30,49.44666667,FALSE,FALSE
5/25/2024 16:00,51.40222222,FALSE,FALSE
5/25/2024 16:30,49.40888889,FALSE,FALSE
5/25/2024 17:00,44.06888889,FALSE,FALSE
5/25/2024 17:30,44.78,FALSE,FALSE
5/25/2024 18:00,41.86948247,FALSE,FALSE
5/25/2024 18:30,40.59,FALSE,FALSE
5/25/2024 19:00,38.885,FALSE,FALSE
5/25/2024 19:30,35.41,FALSE,FALSE
5/25/2024 20:00,37,FALSE,FALSE
5/25/2024 20:30,37.62833333,FALSE,FALSE
5/25/2024 21:00,38.33333333,TRUE,FALSE
5/25/2024 21:30,35.78166667,TRUE,FALSE
5/25/2024 22:00,36.885,TRUE,FALSE
5/25/2024 22:30,38,TRUE,FALSE
5/25/2024 23:00,37.60947876,TRUE,FALSE
5/25/2024 23:30,36.9,TRUE,FALSE
5/26/2024 0:00,39.55,TRUE,FALSE
5/26/2024 0:30,34.17777778,TRUE,FALSE
5/26/2024 1:00,34.54444444,TRUE,FALSE
5/26/2024 1:30,31.17777778,TRUE,FALSE
5/26/2024 2:00,28.33333333,TRUE,FALSE
5/26/2024 2:30,28.29444444,TRUE,FALSE
5/26/2024 3:00,29.03888889,TRUE,FALSE
5/26/2024 3:30,30.37308663,TRUE,FALSE
5/26/2024 4:00,29.05416342,TRUE,FALSE
5/26/2024 4:30,30.29388889,TRUE,FALSE
5/26/2024 5:00,29.29388889,TRUE,FALSE
5/26/2024 5:30,28.62722222,TRUE,FALSE
5/26/2024 6:00,28.74555556,TRUE,FALSE
5/26/2024 6:30,30.37277778,TRUE,FALSE
5/26/2024 7:00,30.24555556,TRUE,FALSE
5/26/2024 7:30,32.60305556,TRUE,FALSE
5/26/2024 8:00,32.55916667,TRUE,FALSE
5/26/2024 8:30,33.14313595,TRUE,FALSE
5/26/2024 9:00,35.8536436,TRUE,FALSE
5/26/2024 9:30,37.33673787,TRUE,FALSE
5/26/2024 10:00,43.37333333,TRUE,FALSE
5/26/2024 10:30,46.13333333,TRUE,FALSE
5/26/2024 11:00,41.74666667,TRUE,FALSE
5/26/2024 11:30,43.04,TRUE,FALSE
5/26/2024 12:00,43.41333333,TRUE,FALSE
5/26/2024 12:30,46.58666667,TRUE,FALSE
5/26/2024 13:00,45.28,TRUE,FALSE
5/26/2024 13:30,46.03504359,TRUE,FALSE
5/26/2024 14:00,44.74777778,TRUE,FALSE
5/26/2024 14:30,42.21166667,TRUE,FALSE
5/26/2024 15:00,41.33333333,TRUE,FALSE
5/26/2024 15:30,42.37388889,TRUE,FALSE
5/26/2024 16:00,44.78833333,TRUE,FALSE
5/26/2024 16:30,43.87833333,TRUE,FALSE
5/26/2024 17:00,42.83777778,TRUE,FALSE
5/26/2024 17:30,40.66666667,TRUE,FALSE
5/26/2024 18:00,43.12166667,TRUE,FALSE
5/26/2024 18:30,40.56503617,TRUE,FALSE
5/26/2024 19:00,37.70777778,TRUE,FALSE
5/26/2024 19:30,38.25111111,TRUE,FALSE
5/26/2024 20:00,36.25111111,TRUE,FALSE
5/26/2024 20:30,36.62555556,TRUE,FALSE
5/26/2024 21:00,38.45666667,TRUE,FALSE
5/26/2024 21:30,38.95888889,TRUE,FALSE
5/26/2024 22:00,39.04111111,TRUE,FALSE
5/26/2024 22:30,37.83555556,TRUE,FALSE
5/26/2024 23:00,38.29062975,FALSE,FALSE
5/26/2024 23:30,38.51996383,FALSE,FALSE
5/27/2024 0:00,37.95833333,FALSE,FALSE
5/27/2024 0:30,33.91666667,FALSE,FALSE
5/27/2024 1:00,31.16666667,FALSE,FALSE
5/27/2024 1:30,28.29166667,FALSE,FALSE
5/27/2024 2:00,28.625,FALSE,FALSE
5/27/2024 2:30,28.45833333,FALSE,FALSE
5/27/2024 3:00,29.95833333,FALSE,FALSE
5/27/2024 3:30,28.95833333,FALSE,FALSE
5/27/2024 4:00,28.68336023,FALSE,FALSE
5/27/2024 4:30,29.04222222,FALSE,FALSE
5/27/2024 5:00,29.66666667,FALSE,FALSE
5/27/2024 5:30,30.46,FALSE,FALSE
5/27/2024 6:00,31.91555556,FALSE,FALSE
5/27/2024 6:30,33.08444444,FALSE,FALSE
5/27/2024 7:00,31.62444444,FALSE,FALSE
5/27/2024 7:30,33.70888889,FALSE,FALSE
5/27/2024 8:00,36.50222222,FALSE,FALSE
5/27/2024 8:30,36.66666667,FALSE,FALSE
5/27/2024 9:00,35.89170006,FALSE,FALSE
5/27/2024 9:30,36.17111111,FALSE,FALSE
5/27/2024 10:00,39.29055556,FALSE,FALSE
5/27/2024 10:30,38.88055556,FALSE,FALSE
5/27/2024 11:00,40.82888889,FALSE,FALSE
5/27/2024 11:30,39.21388889,FALSE,FALSE
5/27/2024 12:00,45.46166667,FALSE,FALSE
5/27/2024 12:30,46.12833333,FALSE,FALSE
5/27/2024 13:00,42.615,FALSE,FALSE
5/27/2024 13:30,42.795,FALSE,FALSE
5/27/2024 14:00,45.31115192,FALSE,FALSE
5/27/2024 14:30,43.58,FALSE,FALSE
5/27/2024 15:00,41.87,FALSE,FALSE
5/27/2024 15:30,42.14333333,FALSE,FALSE
5/27/2024 16:00,43.11666667,FALSE,FALSE
5/27/2024 16:30,41.91333333,FALSE,FALSE
5/27/2024 17:00,44.13,FALSE,FALSE
5/27/2024 17:30,43,FALSE,FALSE
5/27/2024 18:00,41,FALSE,FALSE
5/27/2024 18:30,44.00377945,FALSE,FALSE
5/27/2024 19:00,42.73300581,FALSE,FALSE
5/27/2024 19:30,42.44430116,FALSE,FALSE
5/27/2024 20:00,42.47077755,FALSE,FALSE
5/27/2024 20:30,42.28944444,FALSE,FALSE
5/27/2024 21:00,42.28944444,FALSE,FALSE
5/27/2024 21:30,42.71055556,FALSE,FALSE
5/27/2024 22:00,42.55277778,FALSE,FALSE
5/27/2024 22:30,41.07,TRUE,FALSE
5/27/2024 23:00,42.465,TRUE,FALSE
5/27/2024 23:30,39.1766982,TRUE,FALSE
5/28/2024 0:00,39.53333333,TRUE,FALSE
5/28/2024 0:30,36.66666667,TRUE,FALSE
5/28/2024 1:00,34.35555556,TRUE,FALSE
5/28/2024 1:30,29.24444444,TRUE,FALSE
5/28/2024 2:00,28.46666667,TRUE,FALSE
5/28/2024 2:30,29.28888889,FALSE,FALSE
5/28/2024 3:00,29.24444444,FALSE,FALSE
5/28/2024 3:30,28.08888889,FALSE,FALSE
5/28/2024 4:00,29,FALSE,FALSE
5/28/2024 4:30,28.97002504,FALSE,FALSE
5/28/2024 5:00,29.66666667,FALSE,FALSE
5/28/2024 5:30,29.04616482,FALSE,FALSE
5/28/2024 6:00,31.09,FALSE,FALSE
5/28/2024 6:30,32.75666667,FALSE,FALSE
5/28/2024 7:00,36.07166667,FALSE,FALSE
5/28/2024 7:30,41.82,FALSE,FALSE
5/28/2024 8:00,38.75666667,FALSE,FALSE
5/28/2024 8:30,40.91,FALSE,FALSE
5/28/2024 9:00,44.42333333,FALSE,FALSE
5/28/2024 9:30,42.86892692,FALSE,FALSE
5/28/2024 10:00,45.63777778,FALSE,FALSE
5/28/2024 10:30,45.65,FALSE,FALSE
5/28/2024 11:00,45.41,FALSE,FALSE
5/28/2024 11:30,44.83222222,FALSE,FALSE
5/28/2024 12:00,42.94,FALSE,FALSE
5/28/2024 12:30,46.19666667,FALSE,FALSE
5/28/2024 13:00,45.94,FALSE,FALSE
5/28/2024 13:30,42.77222222,FALSE,FALSE
5/28/2024 14:00,45.80333333,FALSE,FALSE
5/28/2024 14:30,48.22226767,FALSE,FALSE
5/28/2024 15:00,48.25166667,FALSE,FALSE
5/28/2024 15:30,36.42555556,FALSE,FALSE
5/28/2024 16:00,39.71277778,FALSE,FALSE
5/28/2024 16:30,39.18444444,FALSE,FALSE
5/28/2024 17:00,42.86166667,FALSE,FALSE
5/28/2024 17:30,43.23055556,FALSE,FALSE
5/28/2024 18:00,42.76944444,FALSE,FALSE
5/28/2024 18:30,38.195,FALSE,FALSE
5/28/2024 19:00,39.89722222,FALSE,FALSE
5/28/2024 19:30,45.54448525,FALSE,FALSE
5/28/2024 20:00,48.04666667,FALSE,FALSE
5/28/2024 20:30,46.41172496,FALSE,FALSE
5/28/2024 21:00,45.87391208,FALSE,FALSE
5/28/2024 21:30,45.90666667,FALSE,FALSE
5/28/2024 22:00,45.71333333,FALSE,FALSE
5/28/2024 22:30,46.76,FALSE,FALSE
5/28/2024 23:00,46,TRUE,FALSE
5/28/2024 23:30,42.86,TRUE,FALSE
5/29/2024 0:00,42.57783435,TRUE,FALSE
5/29/2024 0:30,40.87887219,TRUE,FALSE
5/29/2024 1:00,39.33019042,TRUE,FALSE
5/29/2024 1:30,39.86099383,TRUE,FALSE
5/29/2024 2:00,37.33333333,TRUE,FALSE
5/29/2024 2:30,36.57222222,TRUE,FALSE
5/29/2024 3:00,34.28611111,TRUE,FALSE
5/29/2024 3:30,34.38055556,TRUE,FALSE
5/29/2024 4:00,34.28611111,TRUE,FALSE
5/29/2024 4:30,34.71388889,TRUE,FALSE
5/29/2024 5:00,34.71787145,TRUE,FALSE
5/29/2024 5:30,34.96938416,TRUE,FALSE
5/29/2024 6:00,35.76222222,TRUE,FALSE
5/29/2024 6:30,39.28666667,TRUE,FALSE
5/29/2024 7:00,44.76333333,TRUE,FALSE
5/29/2024 7:30,51.38,TRUE,FALSE
5/29/2024 8:00,47.42888889,TRUE,FALSE
5/29/2024 8:30,48.85888889,TRUE,FALSE
5/29/2024 9:00,48.61666667,TRUE,FALSE
5/29/2024 9:30,45.14333333,TRUE,FALSE
5/29/2024 10:00,48.14333333,TRUE,FALSE
5/29/2024 10:30,53.6378223,TRUE,FALSE
5/29/2024 11:00,52.76333333,TRUE,FALSE
5/29/2024 11:30,53.57,TRUE,FALSE
5/29/2024 12:00,52.86,TRUE,FALSE
5/29/2024 12:30,53.81166667,TRUE,FALSE
5/29/2024 13:00,54.04333333,TRUE,FALSE
5/29/2024 13:30,49,TRUE,FALSE
5/29/2024 14:00,47.37666667,TRUE,FALSE
5/29/2024 14:30,43.575,TRUE,FALSE
5/29/2024 15:00,48.35995024,TRUE,FALSE
5/29/2024 15:30,44.75629335,TRUE,FALSE
5/29/2024 16:00,44.48,TRUE,FALSE
5/29/2024 16:30,46.90222222,TRUE,FALSE
5/29/2024 17:00,46.29333333,TRUE,FALSE
5/29/2024 17:30,50.08888889,TRUE,FALSE
5/29/2024 18:00,50.81333333,TRUE,FALSE
5/29/2024 18:30,47.61777778,TRUE,FALSE
5/29/2024 19:00,46.56888889,TRUE,FALSE
5/29/2024 19:30,42.08888889,TRUE,FALSE
5/29/2024 20:00,41.64059451,TRUE,FALSE
5/29/2024 20:30,42.91388889,TRUE,FALSE
5/29/2024 21:00,46.815,TRUE,FALSE
5/29/2024 21:30,45.56777778,TRUE,FALSE
5/29/2024 22:00,43.23444444,TRUE,FALSE
5/29/2024 22:30,45.66666667,TRUE,FALSE
5/29/2024 23:00,45.58055556,TRUE,FALSE
5/29/2024 23:30,42.37,TRUE,FALSE
5/30/2024 0:00,42.38277778,TRUE,FALSE
5/30/2024 0:30,42.53892599,TRUE,FALSE
5/30/2024 1:00,37.36666667,TRUE,FALSE
5/30/2024 1:30,37.58333333,TRUE,FALSE
5/30/2024 2:00,37.36666667,TRUE,FALSE
5/30/2024 2:30,34.61666667,TRUE,FALSE
5/30/2024 3:00,33.66666667,TRUE,FALSE
5/30/2024 3:30,33.38333333,TRUE,FALSE
5/30/2024 4:00,34.05,TRUE,FALSE
5/30/2024 4:30,35.05,TRUE,FALSE
5/30/2024 5:00,34.61666667,TRUE,FALSE
5/30/2024 5:30,35.40392228,TRUE,FALSE
5/30/2024 6:00,35.71722222,TRUE,FALSE
5/30/2024 6:30,39.485,TRUE,FALSE
5/30/2024 7:00,39.91944444,TRUE,FALSE
5/30/2024 7:30,47.10111111,TRUE,FALSE
5/30/2024 8:00,46.28277778,FALSE,FALSE
5/30/2024 8:30,49.73777778,FALSE,FALSE
5/30/2024 9:00,52.79777778,FALSE,FALSE
5/30/2024 9:30,49.33333333,FALSE,FALSE
5/30/2024 10:00,52,FALSE,FALSE
5/30/2024 10:30,50.30948989,FALSE,FALSE
5/30/2024 11:00,48.28222222,FALSE,FALSE
5/30/2024 11:30,49.30666667,FALSE,FALSE
5/30/2024 12:00,51.87111111,FALSE,FALSE
5/30/2024 12:30,55.36,FALSE,FALSE
5/30/2024 13:00,47.64222222,FALSE,FALSE
5/30/2024 13:30,42.79555556,FALSE,FALSE
5/30/2024 14:00,44.74222222,FALSE,FALSE
5/30/2024 14:30,47.76888889,FALSE,FALSE
5/30/2024 15:00,53.05111111,FALSE,FALSE
5/30/2024 15:30,49.820601,FALSE,FALSE
5/30/2024 16:00,48.46,FALSE,FALSE
5/30/2024 16:30,49.20666667,FALSE,FALSE
5/30/2024 17:00,47.66666667,FALSE,FALSE
5/30/2024 17:30,45.28166667,FALSE,FALSE
5/30/2024 18:00,48.10333333,FALSE,FALSE
5/30/2024 18:30,48.17833333,FALSE,FALSE
5/30/2024 19:00,46.64333333,FALSE,FALSE
5/30/2024 19:30,50.66666667,FALSE,FALSE
5/30/2024 20:00,52.28666852,FALSE,FALSE
5/30/2024 20:30,52.30504545,FALSE,FALSE
5/30/2024 21:00,51.12444444,FALSE,FALSE
5/30/2024 21:30,46.43777778,FALSE,FALSE
5/30/2024 22:00,46.89555556,FALSE,FALSE
5/30/2024 22:30,48,FALSE,FALSE
5/30/2024 23:00,46.82333333,FALSE,FALSE
5/30/2024 23:30,45.79111111,FALSE,FALSE
5/31/2024 0:00,44.94777778,FALSE,FALSE
5/31/2024 0:30,43.94777778,FALSE,FALSE
5/31/2024 1:00,40.47781488,FALSE,FALSE
5/31/2024 1:30,39.38611111,FALSE,FALSE
5/31/2024 2:00,38.55777408,FALSE,FALSE
5/31/2024 2:30,35.8961824,FALSE,FALSE
5/31/2024 3:00,36.10555556,FALSE,FALSE
5/31/2024 3:30,37.22777778,FALSE,FALSE
5/31/2024 4:00,36.66666667,FALSE,FALSE
5/31/2024 4:30,36,FALSE,FALSE
5/31/2024 5:00,36.38611111,FALSE,FALSE
5/31/2024 5:30,37.71944444,FALSE,FALSE
5/31/2024 6:00,37.79503617,FALSE,FALSE
5/31/2024 6:30,41.05333333,FALSE,FALSE
5/31/2024 7:00,41.72,FALSE,FALSE
5/31/2024 7:30,47.54666667,FALSE,FALSE
5/31/2024 8:00,46.72,FALSE,FALSE
5/31/2024 8:30,49.33333333,FALSE,FALSE
5/31/2024 9:00,47.78666667,FALSE,FALSE
5/31/2024 9:30,44.88,FALSE,FALSE
5/31/2024 10:00,51.70666667,FALSE,FALSE
5/31/2024 10:30,55.49957244,FALSE,FALSE
5/31/2024 11:00,55.13436932,FALSE,FALSE
5/31/2024 11:30,56.92972993,FALSE,FALSE
5/31/2024 12:00,51.35759228,FALSE,FALSE
5/31/2024 12:30,55.32333333,FALSE,FALSE
5/31/2024 13:00,57.77444444,FALSE,FALSE
5/31/2024 13:30,56.55888889,FALSE,FALSE
5/31/2024 14:00,57.11777778,FALSE,FALSE
5/31/2024 14:30,50.11777778,FALSE,FALSE
5/31/2024 15:00,49,FALSE,FALSE
5/31/2024 15:30,49.44111111,FALSE,FALSE
5/31/2024 16:00,51.86727323,FALSE,FALSE
5/31/2024 16:30,51.38777778,FALSE,FALSE
5/31/2024 17:00,50.33333333,FALSE,FALSE
5/31/2024 17:30,52.21777778,FALSE,FALSE
5/31/2024 18:00,54.44888889,FALSE,FALSE
5/31/2024 18:30,50.66,FALSE,FALSE
5/31/2024 19:00,58.27888889,FALSE,FALSE
5/31/2024 19:30,53.94555556,FALSE,FALSE
5/31/2024 20:00,54.00666667,FALSE,FALSE
5/31/2024 20:30,49.19615841,FALSE,FALSE
5/31/2024 21:00,47.55333333,FALSE,FALSE
5/31/2024 21:30,51.38833333,FALSE,FALSE
5/31/2024 22:00,45.16833333,FALSE,FALSE
5/31/2024 22:30,50.275,FALSE,FALSE
5/31/2024 23:00,50.00333333,FALSE,FALSE
5/31/2024 23:30,46.055,FALSE,FALSE
6/1/2024 0:00,47.50166667,FALSE,FALSE
6/1/2024 0:30,42.50166667,FALSE,FALSE
6/1/2024 1:00,41.61166667,FALSE,FALSE
6/1/2024 1:30,40.01744974,FALSE,FALSE
6/1/2024 2:00,39.05932717,FALSE,FALSE
6/1/2024 2:30,38.83333333,FALSE,FALSE
6/1/2024 3:00,37.55555556,FALSE,FALSE
6/1/2024 3:30,37.05555556,FALSE,FALSE
6/1/2024 4:00,38.33333333,FALSE,FALSE
6/1/2024 4:30,38,FALSE,FALSE
6/1/2024 5:00,37.44444444,FALSE,FALSE
6/1/2024 5:30,38.22222222,FALSE,FALSE
6/1/2024 6:00,38.83333333,FALSE,FALSE
6/1/2024 6:30,39.68892599,FALSE,FALSE
6/1/2024 7:00,40.11222222,FALSE,FALSE
6/1/2024 7:30,43.61055556,FALSE,FALSE
6/1/2024 8:00,44.45222222,FALSE,FALSE
6/1/2024 8:30,52.05611111,FALSE,FALSE
6/1/2024 9:00,50.94055556,FALSE,FALSE
6/1/2024 9:30,51.835,FALSE,FALSE
6/1/2024 10:00,58.45222222,FALSE,FALSE
6/1/2024 10:30,61.10888889,FALSE,FALSE
6/1/2024 11:00,64.94388889,FALSE,FALSE
6/1/2024 11:30,61.80783528,FALSE,FALSE
6/1/2024 12:00,55.88666667,FALSE,FALSE
6/1/2024 12:30,55.55333333,FALSE,FALSE
6/1/2024 13:00,52.61,FALSE,FALSE
6/1/2024 13:30,54.72333333,FALSE,FALSE
6/1/2024 14:00,53.66666667,FALSE,FALSE
6/1/2024 14:30,50.05,FALSE,FALSE
6/1/2024 15:00,53.81,FALSE,FALSE
6/1/2024 15:30,52.33333333,FALSE,FALSE
6/1/2024 16:00,58.68555834,FALSE,FALSE
6/1/2024 16:30,60.29561213,FALSE,FALSE
6/1/2024 17:00,56.78111111,TRUE,FALSE
6/1/2024 17:30,57.44777778,TRUE,FALSE
6/1/2024 18:00,60.54222222,TRUE,FALSE
6/1/2024 18:30,54.39055556,TRUE,FALSE
6/1/2024 19:00,53.88555556,TRUE,FALSE
6/1/2024 19:30,51.75,TRUE,FALSE
6/1/2024 20:00,54.505,TRUE,FALSE
6/1/2024 20:30,53.77111111,TRUE,FALSE
6/1/2024 21:00,53.5653325,TRUE,FALSE
6/1/2024 21:30,54.44888889,TRUE,FALSE
6/1/2024 22:00,55.93555556,TRUE,FALSE
6/1/2024 22:30,52.0376857,TRUE,FALSE
6/1/2024 23:00,50.56444444,TRUE,FALSE
6/1/2024 23:30,53.15333333,TRUE,FALSE
6/2/2024 0:00,50.60888889,TRUE,FALSE
6/2/2024 0:30,48.76888889,TRUE,FALSE
6/2/2024 1:00,47.05777778,TRUE,FALSE
6/2/2024 1:30,46,TRUE,FALSE
6/2/2024 2:00,44.57448525,TRUE,FALSE
6/2/2024 2:30,43.88333333,TRUE,FALSE
6/2/2024 3:00,42.33333333,TRUE,FALSE
6/2/2024 3:30,43.66666667,TRUE,FALSE
6/2/2024 4:00,42.94166667,TRUE,FALSE
6/2/2024 4:30,42.84166667,TRUE,FALSE
6/2/2024 5:00,43.66666667,TRUE,FALSE
6/2/2024 5:30,44.11666667,TRUE,FALSE
6/2/2024 6:00,45.55,TRUE,FALSE
6/2/2024 6:30,43.73109071,TRUE,FALSE
6/2/2024 7:00,45.8714719,TRUE,FALSE
6/2/2024 7:30,46.58833333,TRUE,FALSE
6/2/2024 8:00,46.04888889,TRUE,FALSE
6/2/2024 8:30,47.02787388,TRUE,FALSE
6/2/2024 9:00,48.22999056,TRUE,FALSE
6/2/2024 9:30,49.44614577,TRUE,FALSE
6/2/2024 10:00,53.05888889,TRUE,FALSE
6/2/2024 10:30,52.94111111,TRUE,FALSE
6/2/2024 11:00,52,TRUE,FALSE
6/2/2024 11:30,52.52888889,TRUE,FALSE
6/2/2024 12:00,51.98171768,TRUE,FALSE
6/2/2024 12:30,59.11305556,TRUE,FALSE
6/2/2024 13:00,62.47027778,TRUE,FALSE
6/2/2024 13:30,59.54777778,TRUE,FALSE
6/2/2024 14:00,56.76222222,TRUE,FALSE
6/2/2024 14:30,52.60722222,TRUE,FALSE
6/2/2024 15:00,52.57111111,TRUE,FALSE
6/2/2024 15:30,56.91722222,TRUE,FALSE
6/2/2024 16:00,50.72611111,FALSE,FALSE
6/2/2024 16:30,49.36115563,FALSE,FALSE
6/2/2024 17:00,50.84666667,FALSE,FALSE
6/2/2024 17:30,53.56,FALSE,FALSE
6/2/2024 18:00,53.82,FALSE,FALSE
6/2/2024 18:30,51,FALSE,FALSE
6/2/2024 19:00,52.57333333,FALSE,FALSE
6/2/2024 19:30,54.24666667,FALSE,FALSE
6/2/2024 20:00,52.18,FALSE,FALSE
6/2/2024 20:30,52.39333333,FALSE,FALSE
6/2/2024 21:00,53.22666667,FALSE,FALSE
6/2/2024 21:30,51.18641053,TRUE,FALSE
6/2/2024 22:00,45.66675185,TRUE,FALSE
6/2/2024 22:30,47.11205899,TRUE,FALSE
6/2/2024 23:00,45.515,TRUE,FALSE
6/2/2024 23:30,49.96944444,TRUE,FALSE
6/3/2024 0:00,48.31833333,TRUE,FALSE
6/3/2024 0:30,44.705,TRUE,FALSE
6/3/2024 1:00,39.66666667,TRUE,FALSE
6/3/2024 1:30,38.93944444,TRUE,FALSE
6/3/2024 2:00,36.72722222,TRUE,FALSE
6/3/2024 2:30,39.08225747,TRUE,FALSE
6/3/2024 3:00,38.93888889,TRUE,FALSE
6/3/2024 3:30,35.48333333,TRUE,FALSE
6/3/2024 4:00,34.60555556,TRUE,FALSE
6/3/2024 4:30,34.39444444,TRUE,FALSE
6/3/2024 5:00,34.72777778,TRUE,FALSE
6/3/2024 5:30,37.12222222,TRUE,FALSE
6/3/2024 6:00,38.24444444,TRUE,FALSE
6/3/2024 6:30,40.66666667,TRUE,FALSE
6/3/2024 7:00,44.22469486,TRUE,FALSE
6/3/2024 7:30,49.68063022,TRUE,FALSE
6/3/2024 8:00,49.53036944,TRUE,FALSE
6/3/2024 8:30,50,TRUE,FALSE
6/3/2024 9:00,51.27166667,TRUE,FALSE
6/3/2024 9:30,49.06166667,TRUE,FALSE
6/3/2024 10:00,54.185,TRUE,FALSE
6/3/2024 10:30,51.54333333,TRUE,FALSE
6/3/2024 11:00,50.54333333,TRUE,FALSE
6/3/2024 11:30,56.01166667,TRUE,FALSE
6/3/2024 12:00,57.57328325,TRUE,FALSE
6/3/2024 12:30,56.54398813,TRUE,FALSE
6/3/2024 13:00,55.77111111,TRUE,FALSE
6/3/2024 13:30,53.68888889,TRUE,FALSE
6/3/2024 14:00,53.58222222,TRUE,FALSE
6/3/2024 14:30,53.33333333,TRUE,FALSE
6/3/2024 15:00,54.70666667,TRUE,FALSE
6/3/2024 15:30,55.50222222,TRUE,FALSE
6/3/2024 16:00,53.91555556,TRUE,FALSE
6/3/2024 16:30,57.45777778,TRUE,FALSE
6/3/2024 17:00,55.24116212,TRUE,FALSE
6/3/2024 17:30,57.4322443,TRUE,FALSE
6/3/2024 18:00,57.48508625,FALSE,FALSE
6/3/2024 18:30,55.35277778,FALSE,FALSE
6/3/2024 19:00,53.68611111,FALSE,FALSE
6/3/2024 19:30,52.18833333,FALSE,FALSE
6/3/2024 20:00,52.81166667,FALSE,FALSE
6/3/2024 20:30,49.33333333,FALSE,FALSE
6/3/2024 21:00,52.47833333,FALSE,FALSE
6/3/2024 21:30,50.52166667,FALSE,FALSE
6/3/2024 22:00,49.54563068,FALSE,FALSE
6/3/2024 22:30,47.68830273,FALSE,FALSE
6/3/2024 23:00,46.62,FALSE,FALSE
6/3/2024 23:30,43.58666667,FALSE,FALSE
6/4/2024 0:00,45.27,FALSE,FALSE
6/4/2024 0:30,46.79333333,FALSE,FALSE
6/4/2024 1:00,42.82666667,FALSE,FALSE
6/4/2024 1:30,38.60333333,FALSE,FALSE
6/4/2024 2:00,38.27,FALSE,FALSE
6/4/2024 2:30,37.39666667,FALSE,FALSE
6/4/2024 3:00,38.81559173,FALSE,FALSE
6/4/2024 3:30,39.26944444,FALSE,FALSE
6/4/2024 4:00,37.87222222,FALSE,FALSE
6/4/2024 4:30,38.06388889,FALSE,FALSE
6/4/2024 5:00,39.12777778,FALSE,FALSE
6/4/2024 5:30,38.93611111,FALSE,FALSE
6/4/2024 6:00,39.85833333,FALSE,FALSE
6/4/2024 6:30,43,FALSE,FALSE
6/4/2024 7:00,44.46111111,FALSE,FALSE
6/4/2024 7:30,49.19166667,FALSE,FALSE
6/4/2024 8:00,49.47393248,FALSE,FALSE
6/4/2024 8:30,53.18175276,FALSE,FALSE
6/4/2024 9:00,54.48556483,FALSE,FALSE
6/4/2024 9:30,53.25843056,FALSE,FALSE
6/4/2024 10:00,57.28,FALSE,FALSE
6/4/2024 10:30,51.66666667,FALSE,FALSE
6/4/2024 11:00,50.14,FALSE,FALSE
6/4/2024 11:30,55.52666667,FALSE,FALSE
6/4/2024 12:00,55.91333333,FALSE,FALSE
6/4/2024 12:30,52.16222222,FALSE,FALSE
6/4/2024 13:00,48.22726489,FALSE,FALSE
6/4/2024 13:30,48.73166667,FALSE,FALSE
6/4/2024 14:00,46.26833333,FALSE,FALSE
6/4/2024 14:30,44.74,FALSE,FALSE
6/4/2024 15:00,42.39833333,FALSE,FALSE
6/4/2024 15:30,42.99166667,FALSE,FALSE
6/4/2024 16:00,46.33333333,FALSE,FALSE
6/4/2024 16:30,46.79666667,FALSE,FALSE
6/4/2024 17:00,49.72333333,FALSE,FALSE
6/4/2024 17:30,65.585,FALSE,FALSE
6/4/2024 18:00,65.76839362,FALSE,FALSE
6/4/2024 18:30,63.60111111,FALSE,FALSE
6/4/2024 19:00,66.46444444,FALSE,FALSE
6/4/2024 19:30,66.79777778,FALSE,FALSE
6/4/2024 20:00,65.67222222,FALSE,FALSE
6/4/2024 20:30,62.80333333,FALSE,FALSE
6/4/2024 21:00,63.45888889,FALSE,FALSE
6/4/2024 21:30,66.80333333,FALSE,FALSE
6/4/2024 22:00,65.73222222,TRUE,FALSE
6/4/2024 22:30,65.33333333,TRUE,FALSE
6/4/2024 23:00,63.03727973,TRUE,FALSE
6/4/2024 23:30,59.06611111,TRUE,FALSE
6/5/2024 0:00,60.60333333,TRUE,FALSE
6/5/2024 0:30,56.46555556,TRUE,FALSE
6/5/2024 1:00,56.135,TRUE,FALSE
6/5/2024 1:30,55.33333333,TRUE,FALSE
6/5/2024 2:00,53.86777778,TRUE,FALSE
6/5/2024 2:30,53,TRUE,FALSE
6/5/2024 3:00,53,TRUE,FALSE
6/5/2024 3:30,52.33333333,TRUE,FALSE
6/5/2024 4:00,53.63005008,TRUE,FALSE
6/5/2024 4:30,52.31027994,TRUE,FALSE
6/5/2024 5:00,51.82314969,TRUE,FALSE
6/5/2024 5:30,53,TRUE,FALSE
6/5/2024 6:00,54.4,TRUE,FALSE
6/5/2024 6:30,57.2,TRUE,FALSE
6/5/2024 7:00,59.86666667,TRUE,TRUE
6/5/2024 7:30,66.06666667,TRUE,TRUE
6/5/2024 8:00,65.53333333,TRUE,TRUE
6/5/2024 8:30,62.6,TRUE,TRUE
6/5/2024 9:00,59.62949917,TRUE,TRUE
6/5/2024 9:30,62.80111111,TRUE,TRUE
6/5/2024 10:00,65.605,TRUE,TRUE
6/5/2024 10:30,66.40055556,TRUE,TRUE
6/5/2024 11:00,69.53179537,TRUE,TRUE
6/5/2024 11:30,65.66666667,TRUE,TRUE
6/5/2024 12:00,68.13444444,TRUE,TRUE
6/5/2024 12:30,68.73388889,TRUE,TRUE
6/5/2024 13:00,64.46222222,TRUE,TRUE
6/5/2024 13:30,64.33611111,TRUE,TRUE
6/5/2024 14:00,64.39777778,TRUE,TRUE
6/5/2024 14:30,67.40055556,TRUE,TRUE
6/5/2024 15:00,68.06444444,TRUE,TRUE
6/5/2024 15:30,62.7106177,TRUE,TRUE
6/5/2024 16:00,66.73444444,TRUE,TRUE
6/5/2024 16:30,68.07333333,TRUE,TRUE
6/5/2024 17:00,67.79111111,TRUE,TRUE
6/5/2024 17:30,64.19777778,TRUE,TRUE
6/5/2024 18:00,63.06777778,TRUE,TRUE
6/5/2024 18:30,62.60774253,TRUE,TRUE
6/5/2024 19:00,63.82287145,TRUE,TRUE
6/5/2024 19:30,63.81166667,TRUE,TRUE
6/5/2024 20:00,64.915,TRUE,TRUE
6/5/2024 20:30,61.205,TRUE,TRUE
6/5/2024 21:00,57.59833333,TRUE,TRUE
6/5/2024 21:30,60.34166667,TRUE,TRUE
6/5/2024 22:00,62.53,TRUE,TRUE
6/5/2024 22:30,61.53833333,TRUE,TRUE
6/5/2024 23:00,62.65833333,TRUE,TRUE
6/5/2024 23:30,55.86333333,TRUE,TRUE
6/6/2024 0:00,59.10172139,TRUE,TRUE
6/6/2024 0:30,56.10304194,TRUE,TRUE
6/6/2024 1:00,53.69094788,TRUE,TRUE
6/6/2024 1:30,55.33333333,TRUE,TRUE
6/6/2024 2:00,54.52888889,TRUE,TRUE
6/6/2024 2:30,54.40222222,TRUE,TRUE
6/6/2024 3:00,53.19555556,TRUE,TRUE
6/6/2024 3:30,52.26444444,TRUE,TRUE
6/6/2024 4:00,52.47111111,TRUE,TRUE
6/6/2024 4:30,52.74237155,TRUE,TRUE
6/6/2024 5:00,53.28767854,TRUE,TRUE
6/6/2024 5:30,55.61111111,TRUE,TRUE
6/6/2024 6:00,55.45833333,TRUE,TRUE
6/6/2024 6:30,56.27777778,TRUE,TRUE
6/6/2024 7:00,60.20833333,TRUE,TRUE
6/6/2024 7:30,63.875,TRUE,TRUE
6/6/2024 8:00,59.38888889,TRUE,TRUE
6/6/2024 8:30,61.43055556,TRUE,TRUE
6/6/2024 9:00,65.23611111,FALSE,FALSE
6/6/2024 9:30,66.59562141,FALSE,FALSE
6/6/2024 10:00,64.38666667,FALSE,FALSE
6/6/2024 10:30,66.01666667,FALSE,FALSE
6/6/2024 11:00,68,FALSE,FALSE
6/6/2024 11:30,67.72,FALSE,FALSE
6/6/2024 12:00,66.14,FALSE,FALSE
6/6/2024 12:30,67.22666667,FALSE,FALSE
6/6/2024 13:00,70.49333333,FALSE,FALSE
6/6/2024 13:30,64.12333333,FALSE,FALSE
6/6/2024 14:00,62.14,FALSE,FALSE
6/6/2024 14:30,63.38108358,FALSE,FALSE
6/6/2024 15:00,65.00798967,FALSE,FALSE
6/6/2024 15:30,63.38444444,FALSE,FALSE
6/6/2024 16:00,63.47444444,FALSE,FALSE
6/6/2024 16:30,65.455,FALSE,FALSE
6/6/2024 17:00,63.94888889,FALSE,FALSE
6/6/2024 17:30,66.85888889,FALSE,FALSE
6/6/2024 18:00,66.14111111,FALSE,FALSE
6/6/2024 18:30,64.85888889,FALSE,FALSE
6/6/2024 19:00,62,FALSE,FALSE
6/6/2024 19:30,61.37116861,FALSE,FALSE
6/6/2024 20:00,62.92888889,FALSE,FALSE
6/6/2024 20:30,62.71098849,FALSE,FALSE
6/6/2024 21:00,61.07690595,FALSE,FALSE
6/6/2024 21:30,64.54666667,FALSE,FALSE
6/6/2024 22:00,62.59555556,FALSE,FALSE
6/6/2024 22:30,65.42666667,FALSE,FALSE
6/6/2024 23:00,68.40444444,FALSE,FALSE
6/6/2024 23:30,67.85777778,FALSE,FALSE
6/7/2024 0:00,67.12,FALSE,FALSE
6/7/2024 0:30,66.70283806,FALSE,FALSE
6/7/2024 1:00,62.66666667,FALSE,FALSE
6/7/2024 1:30,61.52333333,FALSE,FALSE
6/7/2024 2:00,59.85566481,FALSE,FALSE
6/7/2024 2:30,60,FALSE,FALSE
6/7/2024 3:00,58.85666667,FALSE,FALSE
6/7/2024 3:30,58.25,FALSE,FALSE
6/7/2024 4:00,58.47666667,FALSE,FALSE
6/7/2024 4:30,59.66666667,FALSE,FALSE
6/7/2024 5:00,59.00778983,FALSE,FALSE
6/7/2024 5:30,60.0261547,FALSE,FALSE
6/7/2024 6:00,61.47777778,FALSE,FALSE
6/7/2024 6:30,63.55,FALSE,FALSE
6/7/2024 7:00,65.55,FALSE,FALSE
6/7/2024 7:30,69.52222222,FALSE,FALSE
6/7/2024 8:00,66.26111111,FALSE,FALSE
6/7/2024 8:30,51.45555556,FALSE,FALSE
6/7/2024 9:00,40.75,FALSE,FALSE
6/7/2024 9:30,59.40555556,FALSE,FALSE
6/7/2024 10:00,55.51919959,FALSE,FALSE
6/7/2024 10:30,53.9847468,FALSE,FALSE
6/7/2024 11:00,62.89666667,FALSE,FALSE
6/7/2024 11:30,63.18067409,TRUE,FALSE
6/7/2024 12:00,65.56333333,TRUE,FALSE
6/7/2024 12:30,60.40611111,TRUE,FALSE
6/7/2024 13:00,63.33333333,TRUE,FALSE
6/7/2024 13:30,48.73222222,TRUE,FALSE
6/7/2024 14:00,38.52111111,TRUE,FALSE
6/7/2024 14:30,38.07277778,TRUE,FALSE
6/7/2024 15:00,39.33810796,TRUE,FALSE
6/7/2024 15:30,39.09026155,TRUE,FALSE
6/7/2024 16:00,40.04,TRUE,FALSE
6/7/2024 16:30,40.36666667,TRUE,FALSE
6/7/2024 17:00,42.96,TRUE,FALSE
6/7/2024 17:30,43.07333333,TRUE,FALSE
6/7/2024 18:00,46.07333333,TRUE,FALSE
6/7/2024 18:30,46.07333333,TRUE,FALSE
6/7/2024 19:00,42.92666667,TRUE,FALSE
6/7/2024 19:30,40.52,TRUE,FALSE
6/7/2024 20:00,45.5241931,TRUE,FALSE
6/7/2024 20:30,43.42584678,TRUE,FALSE
6/7/2024 21:00,40.66833333,TRUE,FALSE
6/7/2024 21:30,39.29555556,TRUE,FALSE
6/7/2024 22:00,42.92444444,TRUE,FALSE
6/7/2024 22:30,43.37111111,TRUE,FALSE
6/7/2024 23:00,41.03777778,TRUE,FALSE
6/7/2024 23:30,38.92611111,TRUE,FALSE
6/8/2024 0:00,38.445,TRUE,FALSE
6/8/2024 0:30,35.03777778,TRUE,FALSE
6/8/2024 1:00,31.9422519,TRUE,FALSE
6/8/2024 1:30,30.51777778,TRUE,FALSE
6/8/2024 2:00,29,TRUE,FALSE
6/8/2024 2:30,28.06251893,TRUE,FALSE
6/8/2024 3:00,28.93808941,TRUE,FALSE
6/8/2024 3:30,28.48222222,TRUE,FALSE
6/8/2024 4:00,29.59222222,TRUE,FALSE
6/8/2024 4:30,28.59222222,TRUE,FALSE
6/8/2024 5:00,29.14888889,TRUE,FALSE
6/8/2024 5:30,28.92555556,TRUE,FALSE
6/8/2024 6:00,29.75780467,TRUE,FALSE
6/8/2024 6:30,31.3944666,TRUE,FALSE
6/8/2024 7:00,32.83003617,TRUE,FALSE
6/8/2024 7:30,32.075,TRUE,FALSE
6/8/2024 8:00,33.96666667,TRUE,FALSE
6/8/2024 8:30,36.59166667,TRUE,FALSE
6/8/2024 9:00,38.40833333,TRUE,FALSE
6/8/2024 9:30,37.89166667,TRUE,FALSE
6/8/2024 10:00,43,TRUE,FALSE
6/8/2024 10:30,44.86438787,TRUE,FALSE
6/8/2024 11:00,47.76287887,TRUE,FALSE
6/8/2024 11:30,48.48444444,TRUE,FALSE
6/8/2024 12:00,49.88,TRUE,TRUE
6/8/2024 12:30,48.49777778,TRUE,TRUE
6/8/2024 13:00,56.81777778,TRUE,TRUE
6/8/2024 13:30,56.59111111,TRUE,TRUE
6/8/2024 14:00,51.88,TRUE,TRUE
6/8/2024 14:30,48.54666667,TRUE,TRUE
6/8/2024 15:00,48.27111111,TRUE,TRUE
6/8/2024 15:30,51.62222222,TRUE,TRUE
6/8/2024 16:00,47.948376,TRUE,TRUE
6/8/2024 16:30,45.25722222,TRUE,TRUE
6/8/2024 17:00,47.23631779,TRUE,TRUE
6/8/2024 17:30,47.88543498,TRUE,TRUE
6/8/2024 18:00,49.49611111,TRUE,TRUE
6/8/2024 18:30,37.43833333,TRUE,TRUE
6/8/2024 19:00,41.30444444,TRUE,TRUE
6/8/2024 19:30,41.80055556,TRUE,TRUE
6/8/2024 20:00,38.04722222,TRUE,TRUE
6/8/2024 20:30,42.32553998,TRUE,TRUE
6/8/2024 21:00,39.03564997,TRUE,TRUE
6/8/2024 21:30,38.25666667,TRUE,TRUE
6/8/2024 22:00,42.48666667,TRUE,TRUE
6/8/2024 22:30,39,TRUE,TRUE
6/8/2024 23:00,37.20666667,TRUE,TRUE
6/8/2024 23:30,37.30666667,TRUE,TRUE
6/9/2024 0:00,39.74333333,TRUE,TRUE
6/9/2024 0:30,36.28333333,TRUE,TRUE
6/9/2024 1:00,34.02666667,TRUE,TRUE
6/9/2024 1:30,31.00399648,TRUE,TRUE
6/9/2024 2:00,29.60269894,TRUE,TRUE
6/9/2024 2:30,29.92277778,TRUE,TRUE
6/9/2024 3:00,27.92277778,TRUE,TRUE
6/9/2024 3:30,27.58944444,TRUE,TRUE
6/9/2024 4:00,28.41055556,TRUE,TRUE
6/9/2024 4:30,28.33333333,TRUE,TRUE
6/9/2024 5:00,28.48777778,TRUE,TRUE
6/9/2024 5:30,28.74388889,TRUE,TRUE
6/9/2024 6:00,30.92277778,TRUE,TRUE
6/9/2024 6:30,31.76280838,TRUE,TRUE
6/9/2024 7:00,32,TRUE,TRUE
6/9/2024 7:30,31.74444444,TRUE,TRUE
6/9/2024 8:00,31.74444444,TRUE,TRUE
6/9/2024 8:30,33.74444444,TRUE,TRUE
6/9/2024 9:00,37.28888889,TRUE,TRUE
6/9/2024 9:30,40.84444444,TRUE,TRUE
6/9/2024 10:00,39.97777778,TRUE,TRUE
6/9/2024 10:30,48.25555556,TRUE,TRUE
6/9/2024 11:00,46.15866259,TRUE,TRUE
6/9/2024 11:30,48.15582359,TRUE,TRUE
6/9/2024 12:00,45.70666667,FALSE,FALSE
6/9/2024 12:30,44.31333333,FALSE,FALSE
6/9/2024 13:00,46.40508517,FALSE,FALSE
6/9/2024 13:30,46.35333333,FALSE,FALSE
6/9/2024 14:00,42.98,FALSE,FALSE
6/9/2024 14:30,45.09833333,FALSE,FALSE
6/9/2024 15:00,41.58833333,FALSE,FALSE
6/9/2024 15:30,42.49,FALSE,FALSE
6/9/2024 16:00,41.86804582,FALSE,FALSE
6/9/2024 16:30,40.19206628,FALSE,FALSE
6/9/2024 17:00,41.82619167,FALSE,FALSE
6/9/2024 17:30,41.64888889,FALSE,FALSE
6/9/2024 18:00,43.25444444,FALSE,FALSE
6/9/2024 18:30,41.17555556,FALSE,FALSE
6/9/2024 19:00,41.25444444,FALSE,FALSE
6/9/2024 19:30,37.64944444,FALSE,FALSE
6/9/2024 20:00,34.66166667,FALSE,FALSE
6/9/2024 20:30,42.01777778,FALSE,FALSE
6/9/2024 21:00,41.67099332,FALSE,FALSE
6/9/2024 21:30,42.50960026,FALSE,FALSE
6/9/2024 22:00,42.60277778,FALSE,FALSE
6/9/2024 22:30,40.47666667,FALSE,FALSE
6/9/2024 23:00,40.60277778,FALSE,FALSE
6/9/2024 23:30,36.66666667,FALSE,FALSE
6/10/2024 0:00,38.60277778,FALSE,FALSE
6/10/2024 0:30,34.25388889,FALSE,FALSE
6/10/2024 1:00,33.66666667,FALSE,FALSE
6/10/2024 1:30,32.17444444,FALSE,FALSE
6/10/2024 2:00,30.5244732,FALSE,FALSE
6/10/2024 2:30,30.24,FALSE,FALSE
6/10/2024 3:00,32.82666667,FALSE,FALSE
6/10/2024 3:30,32.09333333,FALSE,FALSE
6/10/2024 4:00,30.25333333,FALSE,FALSE
6/10/2024 4:30,30.66666667,FALSE,FALSE
6/10/2024 5:00,29.41333333,FALSE,FALSE
6/10/2024 5:30,31.33333333,FALSE,FALSE
6/10/2024 6:00,31.81333333,FALSE,FALSE
6/10/2024 6:30,35.08,FALSE,FALSE
6/10/2024 7:00,36.51447783,FALSE,FALSE
6/10/2024 7:30,41,FALSE,FALSE
6/10/2024 8:00,39.50555556,FALSE,FALSE
6/10/2024 8:30,39.66666667,FALSE,FALSE
6/10/2024 9:00,39.99166667,FALSE,FALSE
6/10/2024 9:30,40.17222222,FALSE,FALSE
6/10/2024 10:00,40.49444444,FALSE,FALSE
6/10/2024 10:30,43.56388889,FALSE,FALSE
6/10/2024 11:00,46.86111111,FALSE,FALSE
6/10/2024 11:30,38.50097199,FALSE,FALSE
6/10/2024 12:00,42.08906511,FALSE,FALSE
6/10/2024 12:30,41.00888889,FALSE,FALSE
6/10/2024 13:00,37.75506759,FALSE,FALSE
6/10/2024 13:30,38.33333333,FALSE,FALSE
6/10/2024 14:00,37.49555556,FALSE,FALSE
6/10/2024 14:30,39.25222222,FALSE,FALSE
6/10/2024 15:00,38.16222222,FALSE,FALSE
6/10/2024 15:30,38.92777778,FALSE,FALSE
6/10/2024 16:00,39.32444444,FALSE,FALSE
6/10/2024 16:30,41.42288988,FALSE,FALSE
6/10/2024 17:00,39.01722593,FALSE,FALSE
6/10/2024 17:30,41.07188357,FALSE,FALSE
6/10/2024 18:00,37.43763216,FALSE,FALSE
6/10/2024 18:30,36.415,FALSE,FALSE
6/10/2024 19:00,35.91166667,FALSE,FALSE
6/10/2024 19:30,38.74833333,FALSE,FALSE
6/10/2024 20:00,40.245,FALSE,FALSE
6/10/2024 20:30,46.57833333,FALSE,FALSE
6/10/2024 21:00,45.19402678,FALSE,FALSE
6/10/2024 21:30,44.17054552,FALSE,FALSE
6/10/2024 22:00,41.17777778,FALSE,FALSE
6/10/2024 22:30,38.16888889,FALSE,FALSE
6/10/2024 23:00,37.16444444,FALSE,FALSE
6/10/2024 23:30,38.41555556,FALSE,FALSE
6/11/2024 0:00,35.42,FALSE,FALSE
